rank,seller_id,orders,reviewed_orders,mean_score,bad_reviews,canceled_orders,late_rate,revenue,bad_share,cancel_rate,bad_share_lower_bound,seller_state,seller_city
1,1ca7077d890b907f89be8c954a02686a,115,114,2.333,70,0,0.1667,13341.57,0.614,0.0,0.5223,SP,santana de parnaiba
2,ffff564a4f9085cd26170f4732393726,20,20,2.1,13,4,0.0,1426.3,0.65,0.2,0.4329,SP,campinas
3,2eb70248d66e0e3ef83659f71b244378,202,198,2.697,99,0,0.1123,42628.61,0.5,0.0,0.431,SP,campinas
4,54965bbe3e4f07ae045b90b0b8541f52,78,74,3.0,33,0,0.3099,10961.3,0.4459,0.0,0.3381,PR,foz do iguacu
5,a49928bcdf77c55c6d6e05e09a9b4ca5,98,98,3.01,40,0,0.2188,8816.7,0.4082,0.0,0.3161,SP,sao paulo
6,972d0f9cf61b499a4812cf0bfa3ad3c4,83,79,3.025,33,0,0.1111,8089.29,0.4177,0.0,0.3152,SC,brusque
7,b19f3ca2ea475913750f25a5c37c8d8f,24,24,2.792,12,1,0.3158,6202.91,0.5,0.0417,0.3143,MG,divinopolis
8,bbad7e518d7af88a0897397ffdca1979,69,68,3.162,28,0,0.1642,4462.22,0.4118,0.0,0.3026,SP,sao paulo
9,d71d863e5ef30d94e440c11be17dcd8f,29,26,2.962,12,0,0.1304,11900.9,0.4615,0.0,0.2875,SP,osasco
10,dc8798cbf453b7e0f98745e396cc5616,41,41,3.049,17,1,0.0571,2056.3,0.4146,0.0244,0.2775,SP,sao paulo
11,ad781527c93d00d89a11eecd9dcad7c1,44,44,3.068,18,1,0.3158,6899.57,0.4091,0.0227,0.2769,SP,sao jose do rio preto
12,8444e55c1f13cd5c179851e5ca5ebd00,99,99,3.263,35,4,0.0652,22873.21,0.3535,0.0404,0.2664,MG,congonhal
13,602044f2c16190c2c6e45eb35c2e21cb,50,49,3.143,19,0,0.1739,3739.16,0.3878,0.0,0.2643,SP,ibitinga
14,6fd52c528dcb38be2eea044946b811f8,67,66,3.394,24,0,0.1343,7743.02,0.3636,0.0,0.258,SP,sao paulo
15,88460e8ebdecbfecb5f9601833981930,248,247,3.413,77,1,0.1728,31546.55,0.3117,0.004,0.2572,PR,maringa
16,4c8b8048e33af2bf94f2eb547746a916,23,23,2.957,10,4,0.1053,2020.73,0.4348,0.1739,0.2564,SP,ibitinga
17,2a1348e9addc1af5aaa619b1a3679d6b,52,51,3.118,19,1,0.2708,2843.0,0.3725,0.0192,0.2532,MG,belo horizonte
18,710e3548e02bc1d2831dfc4f1b5b14d4,136,135,3.363,44,0,0.0388,23979.11,0.3259,0.0,0.2526,PR,rolandia
19,712e6ed8aa4aa1fa65dab41fed5737e4,79,78,3.385,27,0,0.2078,39815.0,0.3462,0.0,0.2501,SC,videira
20,0b35c634521043bf4b47e21547b99ab5,51,50,3.36,18,0,0.16,13533.65,0.36,0.0,0.2414,PR,teixeira soares
21,18a349e75d307f4b4cc646a691ed4216,121,120,3.442,38,2,0.0556,8711.53,0.3167,0.0165,0.2403,SP,sao paulo
22,b2479f944e1b90cf8a5de1bbfde284d6,103,102,3.422,32,1,0.1188,4752.51,0.3137,0.0097,0.2318,SP,ibitinga
23,7c67e1448b00f6e969d365cea6b010ab,982,976,3.489,251,0,0.0916,187923.89,0.2572,0.0,0.2308,SP,itaquaquecetuba
24,3c7c4a49ec3c6550809089c6a2ca9370,141,141,3.66,40,0,0.0576,4033.64,0.2837,0.0,0.2158,SP,sao paulo
25,7040e82f899a04d1b434b795a43b4617,212,210,3.6,57,3,0.0769,9738.2,0.2714,0.0142,0.2158,SP,sao paulo
26,897060da8b9a21f655304d50fd935913,317,314,3.631,81,1,0.106,23023.92,0.258,0.0032,0.2127,SP,ribeirao preto
27,bc47d5d1490df2b36add65d733eafaba,24,24,3.25,9,2,0.0952,1004.8,0.375,0.0833,0.2116,SP,santo andre
28,070d165398b553f3b4b851c216b8a358,32,31,3.323,11,0,0.129,3393.16,0.3548,0.0,0.2111,SP,sao paulo
29,af4a0e4cfe1d9c26b6712b1be25a72e5,21,21,3.429,8,0,0.0476,8757.98,0.381,0.0,0.2075,MG,mateus leme
30,1835b56ce799e6a4dc4eddc053f04066,423,420,3.638,103,0,0.1064,33344.21,0.2452,0.0,0.2065,SP,ibitinga
31,5058e8c1e82653974541e83690655b4a,63,62,3.242,19,0,0.1129,10022.82,0.3065,0.0,0.2059,SP,itaquaquecetuba
32,cac4c8e7b1ca6252d8f20b2fc1a2e4af,75,74,3.527,22,0,0.1781,4168.18,0.2973,0.0,0.2053,SP,indaiatuba
33,a7f13822ceb966b076af67121f87b063,75,74,3.338,22,0,0.0411,12477.64,0.2973,0.0,0.2053,SP,itaquaquecetuba
34,850913d59ce317156b00f3705f1c3edb,32,32,3.438,11,1,0.1724,2690.0,0.3438,0.0312,0.2041,SP,atibaia
35,835f0f7810c76831d6c7d24c7a646d4d,44,44,3.341,14,1,0.2619,5130.0,0.3182,0.0227,0.2,SP,sao paulo
36,4e5725ba188db8252977a4f0227bd462,22,22,3.409,8,0,0.2381,1930.59,0.3636,0.0,0.1973,SP,ribeirao preto
37,c60b801f2d52c7f7f91de00870882a75,41,41,3.317,13,0,0.1538,12913.5,0.3171,0.0,0.1957,SP,guarulhos
38,d3f39f05462b79a4562d35893a28f159,34,34,3.647,11,0,0.1212,2411.3,0.3235,0.0,0.1913,SP,mococa
39,8e6d7754bc7e0f22c96d255ebda59eba,85,85,3.576,23,0,0.131,14497.27,0.2706,0.0,0.1876,SP,sao jose dos campos
40,6973a06f484aacf400ece213dbf3d946,95,94,3.564,25,3,0.1461,11011.05,0.266,0.0316,0.1872,SP,sao jose dos campos
41,821fb029fc6e495ca4f08a35d51e53a5,28,27,3.407,9,1,0.3478,19187.42,0.3333,0.0357,0.1864,SP,sao paulo
42,855668e0971d4dfd7bef1b6a4133b41b,312,307,3.772,70,2,0.1275,32208.16,0.228,0.0064,0.1846,SP,itatiba
43,95f83f51203c626648c875dd41874c7f,52,52,3.673,15,1,0.0408,3217.46,0.2885,0.0192,0.1833,MG,borda da mata
44,f46490624488d3ff7ce78613913a7711,83,83,3.663,22,0,0.1125,5802.85,0.2651,0.0,0.1821,SP,guarulhos
45,ede0c03645598cdfc63ca8237acbe73d,46,44,3.523,13,1,0.3256,2518.37,0.2955,0.0217,0.1816,SP,ribeirao preto
46,2089a6d640999f9b9141ac719b2af596,44,44,3.727,13,1,0.125,8830.82,0.2955,0.0227,0.1816,SP,sao carlos
47,229c3efbfb0ea2058de4ccdfbc3d784a,121,120,3.625,30,0,0.0171,15744.0,0.25,0.0,0.1811,MG,belo horizonte
48,36a968b544695394e4e9d7572688598f,154,154,3.649,37,1,0.0345,9482.87,0.2403,0.0065,0.1797,SP,santos
49,4a3ca9315b744ce9f8e9374361493884,1806,1785,3.828,342,2,0.0979,200472.92,0.1916,0.0011,0.174,SP,ibitinga
50,cca3071e3e9bb7d12640c9fbe2301306,712,700,3.847,141,1,0.0488,64009.89,0.2014,0.0014,0.1734,SP,ibitinga
51,891071be6ba827b591264c90c2ae8a63,92,92,3.772,23,1,0.1429,4177.28,0.25,0.0109,0.1728,SP,sao paulo
52,431af27f296bc6519d890aa5a05fdb11,117,116,3.776,28,0,0.1379,13109.5,0.2414,0.0,0.1726,SP,ribeirao preto
53,f08c008c8a8d31417763738a1788a2a8,22,21,3.19,7,0,0.15,1291.72,0.3333,0.0,0.1719,PR,santa terezinha de itaipu
54,82e0a475a88cc9595229d8029273f045,42,42,3.643,12,1,0.0976,10930.02,0.2857,0.0238,0.1717,SP,sao paulo
55,d2374cbcbb3ca4ab1086534108cc3ab7,524,518,3.766,105,1,0.0527,21223.92,0.2027,0.0019,0.1703,SP,ibitinga
56,d1c281d3ae149232351cd8c8cc885f0d,215,213,3.798,47,0,0.0657,26942.6,0.2207,0.0,0.1702,SP,ibitinga
57,dc4a0fc896dc34b0d5bfec8438291c80,231,231,3.775,50,0,0.0667,24180.77,0.2165,0.0,0.1683,SP,ibitinga
58,cd06602b43d8800bd0afad514919d35c,44,44,3.682,12,1,0.0476,2588.07,0.2727,0.0227,0.1634,SP,sao paulo
59,f457c46070d02cadd8a68551231220dd,199,197,3.838,42,3,0.0567,19093.0,0.2132,0.0151,0.1618,PR,maringa
60,70a12e78e608ac31179aea7f8422044b,315,313,3.799,63,0,0.0935,30858.53,0.2013,0.0,0.1606,SP,jacarei
61,23613d49c3ac2bd302259e55c06c050c,70,69,3.826,17,0,0.087,4293.0,0.2464,0.0,0.1599,SP,porto ferreira
62,1900267e848ceeba8fa32d80c1a5f5a8,411,404,3.837,79,0,0.0815,24982.53,0.1955,0.0,0.1598,SP,ibitinga
63,c3867b4666c7d76867627c2f7fb22e21,245,243,3.905,50,5,0.1096,37153.4,0.2058,0.0204,0.1597,SP,guara
64,5dceca129747e92ff8ef7a997dc4f8ca,325,321,3.984,64,1,0.0559,112155.53,0.1994,0.0031,0.1594,SP,santa barbara d´oeste
65,e0878efa0e0b7e5313ac0b43bc04c081,27,27,3.519,8,0,0.16,5065.3,0.2963,0.0,0.1585,PR,curitiba
66,5343d0649eca2a983820bfe93fc4d17e,71,70,3.829,17,1,0.1,10000.64,0.2429,0.0141,0.1576,SP,santo andre
67,6560211a19b47992c3666cc44a7e94c0,1854,1838,3.934,319,7,0.0532,123304.83,0.1736,0.0038,0.157,SP,sao paulo
68,213b25e6f54661939f11710a6fddb871,155,154,3.786,33,0,0.0667,15379.5,0.2143,0.0,0.1569,SP,salto
69,66dc1b1632bd6a3e508510c5b3492107,37,37,3.568,10,0,0.0278,3721.39,0.2703,0.0,0.154,SP,jau
70,75d34ebb1bd0bd7dde40dd507b8169c3,62,62,3.742,15,1,0.1228,15048.28,0.2419,0.0161,0.1524,BA,salvador
71,751bdc4d83a466c7206cd42e8f426b03,54,52,3.808,13,2,0.0196,6648.93,0.25,0.037,0.1523,SP,ribeirao pires
72,1025f0e2d44d7041d6cf58b6550e0bfa,915,907,3.99,158,0,0.0791,138968.55,0.1742,0.0,0.1509,SP,sao paulo
73,d20b021d3efdf267a402c402a48ea64b,90,89,3.685,20,1,0.1667,4140.17,0.2247,0.0111,0.1504,SP,ibitinga
74,5f2684dab12e59f83bef73ae57724e45,68,68,3.809,16,1,0.0597,9000.87,0.2353,0.0147,0.1503,SP,sao paulo
75,ef990a83bbea832f36ebe81376335aa8,43,43,3.628,11,0,0.2093,4642.59,0.2558,0.0,0.1493,SC,joinville
76,f76a3b1349b6df1ee875d1f3fa4340f0,24,24,3.458,7,0,0.2917,4160.79,0.2917,0.0,0.1492,SP,sao paulo
77,4e922959ae960d389249c378d1c939f5,420,415,3.954,76,0,0.0909,46030.37,0.1831,0.0,0.1489,SP,jacarei
78,e5a3438891c0bfdb9394643f95273d8e,224,222,3.919,43,1,0.1574,7738.35,0.1937,0.0045,0.1471,SP,limeira
79,7ad32824caee82087b3e2e5f33b1bf32,151,148,3.838,30,0,0.1338,22505.1,0.2027,0.0,0.1458,SP,ibitinga
80,c33847515fa6305ce6feb1e818569f13,114,114,3.851,24,0,0.036,15519.85,0.2105,0.0,0.1457,SC,brusque
81,ff69aa92bb6b1bf9b8b7a51c2ed9cf8b,20,20,3.65,6,0,0.2,21940.8,0.3,0.0,0.1455,SP,sao paulo
82,7d13fca15225358621be4086e1eb0964,565,561,4.025,98,0,0.1166,113628.97,0.1747,0.0,0.1455,SP,ribeirao preto
83,1dfe5347016252a7884b694d4f10f5c4,21,20,3.4,6,0,0.25,1693.5,0.3,0.0,0.1455,SP,ibitinga
84,44073f8b7e41514de3b7815dd0237f4f,144,143,3.755,29,0,0.0355,18729.64,0.2028,0.0,0.1451,DF,brasilia
85,11bfa66332777660bd0640ee84d47006,76,76,3.921,17,0,0.1447,3925.87,0.2237,0.0,0.1446,SP,ribeirao preto
86,e8b3a3a38279a82f0e5d006d5e5b7d2c,87,87,3.793,19,0,0.0375,13154.7,0.2184,0.0,0.1445,PR,jussara
87,b17b679f4f5ce2e03ce6968c62648246,55,55,3.709,13,2,0.16,4084.75,0.2364,0.0364,0.1437,SP,ribeirao preto
88,5656537e588803a555b8eb41f07a944b,174,174,3.874,34,0,0.0599,8065.93,0.1954,0.0,0.1433,DF,brasilia
89,ea566164622c6b439516ab18062c42cd,50,50,3.78,12,0,0.1875,10309.42,0.24,0.0,0.143,SP,sao  paulo
90,25c5c91f63607446a97b143d2d535d31,158,157,3.834,31,0,0.0705,54679.22,0.1975,0.0,0.1428,MG,itauna
91,d05ae8f7a5bd1d2a690a44cd079e4e27,78,77,3.857,17,1,0.0649,13436.0,0.2208,0.0128,0.1427,RJ,rio de janeiro
92,b1fc4f64df5a0e8b6913ab38803c57a9,107,105,3.857,22,0,0.1215,7994.74,0.2095,0.0,0.1426,RJ,sao goncalo
93,04308b1ee57b6625f47df1d56f00eedf,94,94,3.883,20,0,0.0769,60130.6,0.2128,0.0,0.1422,SC,bombinhas
94,522620dcb18a6b31cd7bdf73665113a9,174,170,3.888,33,0,0.0877,57168.49,0.1941,0.0,0.1417,PR,cascavel
95,59b22a78efb79a4797979612b885db36,125,124,3.984,25,0,0.1157,27184.5,0.2016,0.0,0.1404,MG,uberlandia
96,4c2b230173bb36f9b240f2b8ac11786e,261,257,3.973,47,0,0.093,14592.27,0.1829,0.0,0.1404,SP,sao paulo
97,f84a00e60c73a49e7e851c9bdca3a5bb,90,90,3.833,19,0,0.1023,5949.94,0.2111,0.0,0.1395,RJ,rio de janeiro
98,0be8ff43f22e456b4e0371b2245e4d01,161,161,3.95,31,3,0.0649,11805.5,0.1925,0.0186,0.1391,SP,sao paulo
99,8160255418d5aaa7dbdc9f4c64ebda44,385,381,3.934,66,0,0.1379,47017.69,0.1732,0.0,0.1385,SP,ibitinga
100,609e1a9a6c2539919b8205cf7c4e6ff0,87,85,3.812,18,0,0.0122,6595.23,0.2118,0.0,0.1384,SC,brusque
101,054694fa03fe82cec4b7551487331d74,21,21,3.476,6,0,0.3,9983.1,0.2857,0.0,0.1381,SP,itajobi
102,52f0fe436a347ddad7ed5f9aa4e27eaa,21,21,3.524,6,0,0.1053,1484.37,0.2857,0.0,0.1381,SP,sao paulo
103,2138ccb85b11a4ec1e37afbd1c8eda1f,396,395,3.939,67,3,0.0465,12357.03,0.1696,0.0076,0.1358,SP,sao paulo
104,7ddcbb64b5bc1ef36ca8c151f6ec77df,334,331,3.955,57,2,0.0844,55578.57,0.1722,0.006,0.1353,SP,sao paulo
105,cc419e0650a3c5ba77189a1882b7556a,1706,1698,4.069,256,9,0.0529,104288.42,0.1508,0.0053,0.1346,SP,santo andre
106,ea8482cd71df3c1969d7b9473ff13abc,1146,1140,3.996,176,1,0.0867,37177.52,0.1544,0.0009,0.1346,SP,sao paulo
107,ef506c96320abeedfb894c34db06f478,324,321,3.931,55,1,0.0791,9771.43,0.1713,0.0031,0.134,SP,sao paulo
108,ce27a3cc3c8cc1ea79d11e561e9bebb6,135,130,3.9,25,0,0.0169,10682.65,0.1923,0.0,0.1338,SP,sao paulo
109,06a2c3af7b3aee5d69171b0e14f0ee87,392,388,3.99,65,0,0.2,36408.95,0.1675,0.0,0.1336,MA,sao luis
110,fffd5413c0700ac820c7069d66d98c89,60,59,3.847,13,1,0.125,9062.3,0.2203,0.0167,0.1335,SP,amparo
111,8a32e327fe2c1b3511609d81aaf9f042,132,131,3.832,25,2,0.0317,6429.01,0.1908,0.0152,0.1327,SP,sao paulo
112,ea67327e24487bdfac5fbfa37ea124df,32,32,3.531,8,0,0.0333,6250.18,0.25,0.0,0.1325,SP,ibitinga
113,4a3ccda38b2129705f3fb522db62ca31,66,66,3.879,14,1,0.0625,17062.59,0.2121,0.0152,0.1308,SP,marilia
114,99eaacc9e6046db1c82b163c5f84869f,66,66,3.879,14,1,0.1111,13139.17,0.2121,0.0152,0.1308,SP,franca
115,f3da5b2ff499efb8d4a6d371d175d7dd,79,78,3.821,16,0,0.125,3702.29,0.2051,0.0,0.1304,SP,sao paulo
116,dd7ddc04e1b6c2c614352b383efe2d36,122,121,3.851,23,0,0.1261,9178.51,0.1901,0.0,0.1301,SP,sao paulo
117,e2aee0892199b1d92530e371abd825bf,38,38,3.789,9,1,0.1389,5662.57,0.2368,0.0263,0.1299,PR,rolandia
118,8b321bb669392f5163d04c59e235e066,943,939,4.075,141,0,0.0882,17535.69,0.1502,0.0,0.1288,SP,sao paulo
119,f45122a9ab94eb4f3f8953578bc0c560,187,187,3.957,33,0,0.0718,22078.29,0.1765,0.0,0.1285,SP,piracicaba
120,99a54764c341d5dc80b4a8fac4eba3fb,45,44,3.614,10,0,0.1163,3708.76,0.2273,0.0,0.1284,SP,sao paulo
121,2d50d6282f8aa2257819a77bfaa0efe0,44,44,3.705,10,0,0.0976,3353.48,0.2273,0.0,0.1284,SP,ibitinga
122,8e6cc767478edae941d9bd9eb778d77a,106,104,3.923,20,2,0.06,6830.58,0.1923,0.0189,0.1281,MG,araguari
123,165fc07beebdcb6190fba8a06db2a449,50,50,3.8,11,0,0.08,17481.4,0.22,0.0,0.1275,PR,maringa
124,b14db04aa7881970e83ffa9426897925,83,80,3.712,16,0,0.1026,5898.6,0.2,0.0,0.127,SP,sorocaba
125,cd68562d3f44870c08922d380acae552,125,124,3.944,23,1,0.1557,18569.7,0.1855,0.008,0.1269,SP,ribeirao preto
126,f7ccf836d21b2fb1de37564105216cc1,70,68,3.809,14,0,0.0746,2787.4,0.2059,0.0,0.1268,SP,ibitinga
127,cee48807215b30a12ca2ca10ffb5f250,39,39,3.769,9,0,0.1282,7212.23,0.2308,0.0,0.1265,SP,guaruja
128,39d54ff918774174706fb065d7f9dc07,23,23,3.913,6,1,0.0909,1593.59,0.2609,0.0435,0.1255,SP,sao paulo
129,2528513dd95219a6013d4d05176e391a,161,158,3.949,28,1,0.0382,32689.1,0.1772,0.0062,0.1255,SP,osasco
130,2a261b5b644fa05f4f2700eb93544f2c,51,51,3.843,11,0,0.1633,5355.0,0.2157,0.0,0.1249,SP,porto ferreira
131,cfb1a033743668a192316f3c6d1d2671,147,146,3.979,26,1,0.0986,12803.64,0.1781,0.0068,0.1245,SP,votorantim
132,1f50f920176fa81dab994f9023523100,1404,1399,4.133,198,1,0.0891,106939.21,0.1415,0.0007,0.1242,SP,sao jose do rio preto
133,c31eff8334d6b3047ed34bebd4d62c36,122,121,3.851,22,0,0.1176,13191.5,0.1818,0.0,0.1232,SP,salto
134,391fc6631aebcf3004804e51b40bcf1e,526,523,4.033,79,0,0.0879,39951.95,0.1511,0.0,0.123,SP,ibitinga
135,e9bc59e7b60fc3063eb2290deda4cced,216,216,3.991,36,1,0.0766,34343.06,0.1667,0.0046,0.1229,PR,maringa
136,d91fb3b7d041e83b64a00a3edfb37e4f,535,531,4.089,80,0,0.0389,40889.74,0.1507,0.0,0.1228,SP,praia grande
137,6039e27294dc75811c0d8a39069f52c0,64,64,3.688,13,0,0.1746,13670.7,0.2031,0.0,0.1227,SP,osasco
138,81f89e42267213cb94da7ddc301651da,46,46,3.674,10,0,0.0,3955.0,0.2174,0.0,0.1226,SP,presidente prudente
139,318f287a62ab7ac10b703ac37435a231,52,52,3.865,11,0,0.098,2517.48,0.2115,0.0,0.1224,SP,sao paulo
140,17306570e772e7718c92a562d33f5f1d,29,29,3.621,7,0,0.0741,9669.8,0.2414,0.0,0.1222,SP,bariri
141,c826c40d7b19f62a09e2d7c5e7295ee2,354,352,4.08,55,0,0.0758,45643.74,0.1562,0.0,0.122,SP,guarulhos
142,0b90b6df587eb83608a64ea8b390cf07,164,163,4.018,28,0,0.038,28592.32,0.1718,0.0,0.1216,PR,maringa
143,77530e9772f57a62c906e1c21538ab82,320,318,4.107,50,1,0.0951,46610.4,0.1572,0.0031,0.1213,PR,curitiba
144,dd2bdf855a9172734fbc3744021ae9b9,108,104,3.856,19,2,0.0571,10816.7,0.1827,0.0185,0.1202,MG,belo horizonte
145,a673821011d0cec28146ea42f5ab767f,129,124,4.016,22,2,0.1048,13863.69,0.1774,0.0155,0.1202,SP,sao paulo
146,aae3bfea055532c57fb453ed3ec80b30,48,47,3.596,10,0,0.0,3057.92,0.2128,0.0,0.1199,SP,santo andre
147,db2956745b3a8e9f3785c99f34b5d25e,47,47,3.766,10,0,0.0909,8599.0,0.2128,0.0,0.1199,SP,sao sebastiao
148,634964b17796e64304cadf1ad3050fb7,268,267,4.037,42,1,0.0943,39465.1,0.1573,0.0037,0.1185,RJ,rio de janeiro
149,001cca7ae9ae17fb1caed9dfb1094831,200,197,3.985,32,0,0.0615,25080.03,0.1624,0.0,0.1174,ES,cariacica
150,e5a38146df062edaf55c38afa99e42dc,121,120,3.958,21,0,0.0769,15360.07,0.175,0.0,0.1174,SP,sao paulo
151,92eb0f42c21942b6552362b9b114707d,341,338,3.991,51,0,0.048,6548.63,0.1509,0.0,0.1167,SP,sao paulo
152,1127b7f2594683f2510f1c2c834a486b,114,114,4.088,20,4,0.0182,6851.33,0.1754,0.0351,0.1165,SP,campinas
153,4869f7a5dfa277a7dca6462dcf3b52b2,1132,1124,4.133,152,1,0.1061,229472.63,0.1352,0.0009,0.1164,SP,guariba
154,1c68394e931a64f90ea236c5ea590300,142,142,3.901,24,0,0.0355,24832.75,0.169,0.0,0.1163,PR,sarandi
155,966cb4760537b1404caedd472cc610a5,75,74,3.865,14,0,0.0303,51286.05,0.1892,0.0,0.1162,SP,diadema
156,4e7c18b98d84e05cbae3ff0ff03846c2,82,81,4.16,15,0,0.0375,9177.9,0.1852,0.0,0.1156,SP,jaboticabal
157,48162d548f5b1b11b9d29d1e01f75a61,68,68,3.897,13,1,0.0152,20510.14,0.1912,0.0147,0.1153,SP,piracicaba
158,822166ed1e47908f7cfb49946d03c726,69,68,3.985,13,0,0.0145,3714.83,0.1912,0.0,0.1153,RJ,tres rios
159,bd23da7354813347129d751591d1a6e2,89,88,4.011,16,1,0.0235,10544.3,0.1818,0.0112,0.1151,SP,sao paulo
160,198c7ea11960a9844b544d9bcdca860c,25,25,3.88,6,0,0.08,1733.75,0.24,0.0,0.115,MG,jacutinga
161,272f092de69afedd4d2969440b37f18f,26,25,3.84,6,1,0.0,1935.33,0.24,0.0385,0.115,SP,sao paulo
162,2709af9587499e95e803a6498a5a56e9,26,25,3.84,6,0,0.12,1279.56,0.24,0.0,0.115,SP,sao paulo
163,41b39e28db005d9731d9d485a83b4c38,195,195,4.067,31,2,0.0486,17112.55,0.159,0.0103,0.1143,SP,santo andre
164,834f8533b2ecb6598dd004ff3de7203a,43,43,3.814,9,0,0.1463,4538.29,0.2093,0.0,0.1142,SP,sao paulo
165,688756f717c462a206ad854c5027a64a,83,82,3.866,15,0,0.037,5966.54,0.1829,0.0,0.1141,SP,guarulhos
166,3fd1e727ba94cfe122d165e176ce7967,37,37,3.784,8,1,0.2,2805.2,0.2162,0.027,0.1139,SP,araraquara
167,b2ba3715d723d245138f291a6fe42594,337,334,4.099,49,4,0.0683,51676.88,0.1467,0.0119,0.1128,SP,sao paulo
168,3be634553519fb6536a03e1358e9fdc7,83,83,3.94,15,0,0.075,5370.95,0.1807,0.0,0.1127,SP,sao paulo
169,98dac6635aee4995d501a3972e047414,91,90,4.144,16,0,0.0455,4235.85,0.1778,0.0,0.1125,SP,sao paulo
170,23d7c96d4a1160db1c726b248601b25a,53,50,3.8,10,3,0.1,11766.94,0.2,0.0566,0.1124,SP,capivari
171,7f152321c60a266edc53af1925ef96c1,20,20,3.8,5,0,0.3,3919.8,0.25,0.0,0.1119,SC,criciuma
172,ef2fbc2b607d8492bcffe657a4645434,20,20,3.85,5,0,0.1053,970.8,0.25,0.0,0.1119,RJ,rio de janeiro
173,f593898ec748b7a8cb81fc04edafd98a,20,20,3.7,5,0,0.1579,2813.04,0.25,0.0,0.1119,SP,pedreira
174,f4c4daa86e30c7e5a553a8d518ac03a5,20,20,3.7,5,1,0.0556,6301.91,0.25,0.05,0.1119,PR,cascavel
175,53e4c6e0f4312d4d2107a8c9cddf45cd,473,471,4.085,66,2,0.0477,30148.95,0.1401,0.0042,0.1117,SP,pedreira
176,dfa0c4c6229ab200a4a1336b4d7128ff,77,77,4.0,14,0,0.0145,4777.1,0.1818,0.0,0.1115,SC,florianopolis
177,70c27847eca8195c983ed7e798c56743,77,77,4.234,14,0,0.0658,12077.52,0.1818,0.0,0.1115,RJ,rio de janeiro
178,0bf0150d5b9d60d9cd2906003332f085,39,38,3.789,8,0,0.1579,5774.6,0.2105,0.0,0.1107,SP,sao paulo
179,45ba18c210d42734ec52c0c1c574e9ee,38,38,3.868,8,1,0.0667,5589.13,0.2105,0.0263,0.1107,SP,sao roque
180,beadbee30901a7f61d031b6b686095ad,64,64,3.906,12,0,0.2344,4373.98,0.1875,0.0,0.1106,SP,guarulhos
181,7142540dd4c91e2237acb7e911c4eba2,319,317,4.028,46,0,0.0728,37373.56,0.1451,0.0,0.1106,SP,penapolis
182,6d66611d7c44cc30ce351abc49a68421,166,164,3.951,26,0,0.0549,13593.4,0.1585,0.0,0.1105,SP,sao paulo
183,3771c85bac139d2344864ede5d9341e3,26,26,3.846,6,0,0.1154,1433.3,0.2308,0.0,0.1104,SP,sorocaba
184,6a51fc556dab5f766ced6fbc860bc613,26,26,3.769,6,1,0.0833,7577.67,0.2308,0.0385,0.1104,SP,marilia
185,ed4acab38528488b65a9a9c603ff024a,32,32,3.719,7,0,0.0,12759.45,0.2188,0.0,0.1103,SP,sao paulo
186,ca3bd7cd9f149df75950150d010fe4a2,71,71,3.958,13,1,0.0149,9731.85,0.1831,0.0141,0.1102,SP,sao paulo
187,a3e9a2c700480d9bb01fba070ba80a0e,130,128,3.992,21,0,0.0945,13440.8,0.1641,0.0,0.1099,SP,ibitinga
188,16090f2ca825584b5a147ab24aa30c86,402,400,4.06,56,0,0.0816,25716.44,0.14,0.0,0.1094,SP,atibaia
189,e9d99831abad74458942f21e16f33f92,130,129,3.93,21,0,0.1008,4922.48,0.1628,0.0,0.109,SP,sao paulo
190,903037660cf848a717166eb7a06d616e,45,45,3.889,9,0,0.119,7991.51,0.2,0.0,0.109,SP,sao paulo
191,9674754b5a0cb32b638cec001178f799,86,86,4.047,15,2,0.0244,5069.92,0.1744,0.0233,0.1086,SP,sao paulo
192,7202e2ba20579a9bd1acb29e61fe71f6,53,52,3.865,10,0,0.0417,12750.5,0.1923,0.0,0.108,SP,franca
193,f262cbc1c910c83959f849465454ddd3,192,191,4.141,29,1,0.0757,10482.83,0.1518,0.0052,0.1078,SP,sao paulo
194,7aa4334be125fcdd2ba64b3180029f14,217,215,4.102,32,0,0.1174,16234.81,0.1488,0.0,0.1074,SP,laranjal paulista
195,5b179e9e8cc7ab6fd113a46ca584da81,34,33,3.667,7,0,0.0588,5173.5,0.2121,0.0,0.1067,SP,sao paulo
196,276677b5d08786d5dce7c2149dcce48b,33,33,3.909,7,0,0.069,3522.0,0.2121,0.0,0.1067,MG,belo horizonte
197,a416b6a846a11724393025641d4edd5e,162,162,4.154,25,5,0.1097,25670.72,0.1543,0.0309,0.1067,SP,sao paulo
198,e21a1e8be4715b0fcfd5385643bc49c4,21,21,3.667,5,0,0.0,703.6,0.2381,0.0,0.1063,SC,jaguaruna
199,845e8036c3f7bf62099352f5ed910240,21,21,3.952,5,0,0.0,1584.6,0.2381,0.0,0.1063,RJ,rio de janeiro
200,784ba75dd9d20200c4caed3d7a77141a,21,21,3.81,5,1,0.1053,8295.13,0.2381,0.0476,0.1063,SP,sao paulo
201,af3ef48d0e13835e529c29ac573c63e5,21,21,3.762,5,0,0.0476,1405.63,0.2381,0.0,0.1063,SP,araraquara
202,d97df38225e5abadaff1e72cb72b823c,29,27,3.926,6,0,0.1429,1846.0,0.2222,0.0,0.1061,SP,sao caetano do sul
203,7178f9f4dd81dcef02f62acdf8151e01,203,202,4.045,30,0,0.0347,37070.4,0.1485,0.0,0.106,SC,videira
204,05f51e13da97139648b8125c31e5f51b,60,60,4.067,11,0,0.1579,13769.01,0.1833,0.0,0.1056,MG,belo horizonte
205,f80edd2c5aaa505cc4b0a3b219abf4b8,119,118,4.085,19,1,0.0526,9108.2,0.161,0.0084,0.1056,SP,sao paulo
206,46dc3b2cc0980fb8ec44634e21d2718e,521,515,4.194,68,3,0.058,128111.19,0.132,0.0058,0.1055,RJ,rio de janeiro
207,8b28d096634035667e8263d57ba3368c,143,141,3.972,22,1,0.1103,9375.7,0.156,0.007,0.1053,SP,sao jose dos campos
208,b56906f7fd1696e043f1bcce164c487b,40,40,4.0,8,0,0.0513,2148.49,0.2,0.0,0.105,SP,echapora
209,1ce3ae5a399804d1a87e706f8a813c3e,40,40,3.75,8,0,0.0769,2563.0,0.2,0.0,0.105,SC,jaguaruna
210,0ef83d7d83ed97cd2a0049ac8be5f88a,48,47,4.149,9,0,0.0217,4421.01,0.1915,0.0,0.1042,PR,curitiba
211,7d76b645482be4a332374e8223836592,176,174,3.96,26,0,0.0936,3843.93,0.1494,0.0,0.104,SP,sao paulo
212,fcb5ace8bcc92f75707dc0f01a27d269,62,61,3.852,11,1,0.0351,8318.63,0.1803,0.0161,0.1038,SP,guarulhos
213,4e17c65a516f69d023a2ae78b84f28d6,61,61,4.23,11,0,0.05,7639.26,0.1803,0.0,0.1038,SP,suzano
214,7a241947449cc45dbfda4f9d0798d9d0,62,61,3.869,11,1,0.0727,8027.63,0.1803,0.0161,0.1038,MG,jacutinga
215,813348c996469b40f2e028d5429d3495,179,175,4.057,26,0,0.0465,11205.83,0.1486,0.0,0.1035,SP,jundiai
216,e96498ed8daaa3e9c23f7a62da76591c,34,34,3.941,7,0,0.1471,9619.09,0.2059,0.0,0.1035,SP,sao paulo
217,3ab971ce71839580d2ae5b4e40fe8044,36,34,3.912,7,0,0.0588,5002.9,0.2059,0.0,0.1035,SP,sao paulo
218,620c87c171fb2a6dd6e8bb4dec959fc6,740,733,4.251,92,6,0.0879,114774.5,0.1255,0.0081,0.1035,RJ,petropolis
219,dd533b429f380718b70ad9922c294bae,41,41,3.78,8,0,0.1026,2819.77,0.1951,0.0,0.1023,SP,barretos
220,e7d5b006eb624f13074497221eb37807,28,28,3.929,6,0,0.0714,3478.93,0.2143,0.0,0.1021,SP,santo andre
221,da8622b14eb17ae2831f4ac5b9dab84a,1314,1308,4.176,155,0,0.0677,160236.57,0.1185,0.0,0.1021,SP,piracicaba
222,d379f449f2a3b271bc01c0782020f705,28,28,3.893,6,0,0.0357,4423.06,0.2143,0.0,0.1021,MG,divinopolis
223,b92e3c8f9738272ff7c59e111e108d7c,62,62,4.161,11,0,0.0328,8231.09,0.1774,0.0,0.102,MG,uba
224,48436dade18ac8b2bce089ec2a041202,138,138,4.014,21,0,0.0746,12271.71,0.1522,0.0,0.1018,SP,volta redonda
225,eed78ac17f7f795a19a709745f00cd4e,22,22,3.773,5,0,0.0,4349.5,0.2273,0.0,0.1012,SP,botucatu
226,681fce914360217db47784ae28905a96,23,22,4.0,5,0,0.1364,4127.33,0.2273,0.0,0.1012,PR,araucaria
227,e99e927c81e3f51739c94fcdfca9f10f,22,22,3.636,5,0,0.0476,2702.83,0.2273,0.0,0.1012,MG,uberlandia
228,f4aba7c0bca51484c30ab7bdc34bcdd1,110,108,3.944,17,0,0.0556,3009.79,0.1574,0.0,0.1007,SP,sao paulo
229,0c8380b62e38e8a1e6adbeba7eb9688c,182,180,4.039,26,0,0.05,17348.79,0.1444,0.0,0.1005,MG,tres coracoes
230,4c18691b6037662be2df78a765d98ab5,63,63,3.873,11,0,0.0645,3195.52,0.1746,0.0,0.1004,SP,sao paulo
231,a17f621c590ea0fab3d5d883e1630ec6,65,63,4.063,11,2,0.0645,2778.58,0.1746,0.0308,0.1004,SP,sorocaba
232,71039d19d4303bf9054d69e9a9236699,35,35,3.8,7,0,0.2,3537.2,0.2,0.0,0.1004,SP,sao paulo
233,dd55f1bb788714a40e7954c3be6df745,35,35,3.743,7,0,0.1714,7041.76,0.2,0.0,0.1004,SP,sao paulo
234,f27e33c6d29b5138fa9967bcd445b6d5,93,93,4.097,15,0,0.086,8888.3,0.1613,0.0,0.1003,SP,sao paulo
235,440dd6ab244315c632130ecfb63827b1,94,93,3.849,15,1,0.1319,13696.9,0.1613,0.0106,0.1003,SP,votuporanga
236,ce7d1888639e6fb06b2749cbfdac1ff7,78,78,4.167,13,0,0.0909,11793.89,0.1667,0.0,0.1001,MG,baependi
237,abe42c5d03695b4257b5c6cbf4e6784e,50,49,3.918,9,0,0.1633,17159.0,0.1837,0.0,0.0998,RJ,rio de janeiro
238,1da366cade6d8276e7d8beea7af5d4bf,43,42,3.929,8,0,0.0732,6917.59,0.1905,0.0,0.0998,MG,uba
239,50c9975695009e5e6473912e83a6d1da,50,49,3.939,9,0,0.14,3964.4,0.1837,0.0,0.0998,MG,claudio
240,95e03ca3d4146e4011985981aeb959b9,175,173,4.006,25,0,0.0355,11009.96,0.1445,0.0,0.0998,RJ,rio de janeiro
241,8b9d6eec4a7eb7d0f9d579ce0b38324d,49,49,4.0,9,0,0.1489,4232.54,0.1837,0.0,0.0998,RJ,mesquita
242,218d46b86c1881d022bce9c68a7d4b15,388,386,4.155,50,1,0.0842,55093.28,0.1295,0.0026,0.0996,SP,ribeirao preto
243,00fc707aaaad2d31347cf883cd2dfe10,103,102,4.078,16,0,0.0388,12684.9,0.1569,0.0,0.099,PR,maringa
244,3ade81dab5a172b88e1871c28ae05260,30,29,4.0,6,0,0.1071,5751.6,0.2069,0.0,0.0985,SP,sao jose do rio preto
245,4aba391bc3b88717ce08eb11e44937b2,29,29,3.897,6,1,0.1481,7595.87,0.2069,0.0345,0.0985,BA,arraial d'ajuda (porto seguro)
246,4ebdc7e6cd6102a022dadc49156d4ea8,29,29,3.793,6,0,0.0345,928.7,0.2069,0.0,0.0985,SP,sao paulo
247,4992e76a42cb3aad7a7047e0d3d7e729,57,57,3.912,10,0,0.0566,2211.1,0.1754,0.0,0.0982,SP,sao paulo
248,8648b1e89e9b349e32d3741b30ec737e,95,95,4.084,15,0,0.0978,7442.55,0.1579,0.0,0.0981,SP,jacarei
249,955fee9216a65b617aa5c0531780ce60,1287,1277,4.157,146,1,0.0625,135171.7,0.1143,0.0008,0.098,SP,sao paulo
250,09f952a5f58d2285b0372551ae8f9b01,50,50,3.84,9,0,0.0612,11821.5,0.18,0.0,0.0977,SP,sao bernardo do campo
251,a6fe7de3d16f6149ffe280349a8535a0,51,50,3.98,9,0,0.12,2904.8,0.18,0.0,0.0977,SP,franca
252,6b3bd31ad8fcda4b2635ec9f3ff2ecdf,36,36,4.0,7,0,0.0857,4198.9,0.1944,0.0,0.0975,RJ,rio de janeiro
253,3c03b12bab54d8b37d79d914bfdb1aa0,37,36,3.833,7,0,0.1622,4236.34,0.1944,0.0,0.0975,RJ,sao joao de meriti
254,3d871de0142ce09b7081e2b9d1733cb1,1080,1069,4.152,123,4,0.0549,94914.2,0.1151,0.0037,0.0973,SP,campo limpo paulista
255,adbc26658d6c7b4b6219f9d934598091,88,88,4.125,14,0,0.1412,11806.4,0.1591,0.0,0.0972,PR,curitiba
256,244c2f1bff6afe1f2eaf9bfe9b2aed38,23,23,3.652,5,0,0.087,2580.0,0.2174,0.0,0.0966,SP,mogi das cruzes
257,5c853bb56f70f4d14218944bae111d7a,23,23,4.0,5,0,0.0,263.13,0.2174,0.0,0.0966,SP,cotia
258,157c3e4b42f81ac4a44e8b1ca2fe9876,23,23,3.696,5,0,0.0909,2548.5,0.2174,0.0,0.0966,SP,sao paulo
259,2b1a40c1daabc6ca280c4b815c101841,23,23,3.696,5,1,0.0455,12732.6,0.2174,0.0435,0.0966,MG,divinopolis
260,23a0ffca143a15b9b5bbdb7d552f626a,23,23,3.913,5,0,0.1304,3718.51,0.2174,0.0,0.0966,SP,sao pedro
261,04e38a233f726ef161074ab1c9b0399a,23,23,3.652,5,0,0.0526,1352.2,0.2174,0.0,0.0966,SP,sao paulo
262,76d5af76d0271110f9af36c92573f765,131,130,4.115,19,0,0.0952,33461.6,0.1462,0.0,0.0956,SP,sao paulo
263,e9779976487b77c6d4ac45f75ec7afe9,657,653,4.216,77,1,0.0615,43162.95,0.1179,0.0015,0.0954,SP,praia grande
264,c9aafcd0621b2207c10e32c649cada4d,44,44,4.023,8,0,0.075,2997.25,0.1818,0.0,0.0951,SP,sao paulo
265,40d54b51e962dbe09cabbcfd33298dee,30,30,4.0,6,0,0.0,6785.56,0.2,0.0,0.095,SP,santo andre
266,06e5eefc71ec47ae763c5c6f8db7064f,92,90,3.922,14,0,0.0,22188.56,0.1556,0.0,0.095,RS,porto alegre
267,1d8dbc4f32378d715c717c1c1fc57bae,92,90,4.022,14,0,0.0879,11315.89,0.1556,0.0,0.095,PR,arapongas
268,9b013e03b2ab786505a1d3b5c0756754,174,173,4.156,24,0,0.0419,9027.4,0.1387,0.0,0.095,SP,vicente de carvalho
269,4d6d651bd7684af3fffabd5f08d12e5a,369,368,4.193,46,1,0.0389,43587.4,0.125,0.0027,0.095,SP,jau
270,63b464dbf392c7b80d12d932fa7cafed,37,37,3.784,7,0,0.0556,6781.0,0.1892,0.0,0.0948,SP,sao paulo
271,17ca9b9e9b9ef8fdb529001b49ebb50f,116,116,4.043,17,0,0.0093,9754.83,0.1466,0.0,0.0936,MG,betim
272,0dd184061fb0eaa7ca37932c68ab91c5,161,160,4.031,22,0,0.109,18446.92,0.1375,0.0,0.0926,SP,guarulhos
273,e6a69c4a27dfdd98ffe5aa757ad744bc,24,24,3.875,5,1,0.0,2076.2,0.2083,0.0417,0.0924,SP,sao paulo
274,a938325a4b357fd23a6a4d5bb126408e,24,24,3.833,5,0,0.0417,3231.0,0.2083,0.0,0.0924,RJ,nilopolis
275,977f9f63dd360c2a32ece2f93ad6d306,24,24,3.75,5,0,0.087,2858.87,0.2083,0.0,0.0924,SP,tabatinga
276,b33e7c55446eabf8fe1a42d037ac7d6d,152,152,4.164,21,0,0.1164,44985.17,0.1382,0.0,0.0922,SP,pradopolis
277,4e06067cc08b3f41d837768d392c3ee3,31,31,4.129,6,0,0.0345,941.72,0.1935,0.0,0.0918,MG,betim
278,3c4e0452bff7a2a788179488d3d77032,32,31,3.839,6,0,0.0312,3746.4,0.1935,0.0,0.0918,PR,colombo
279,2e90cb1677d35cfe24eef47d441b7c87,127,127,4.118,18,0,0.128,13894.71,0.1417,0.0,0.0915,SP,sao paulo
280,79ebd9a61bac3eaf882805ed4ecfa12a,136,136,4.044,19,0,0.0455,15092.79,0.1397,0.0,0.0913,PR,cascavel
281,17e34d8224d27a541263c4c64b11a56b,255,253,4.186,32,2,0.0776,56363.24,0.1265,0.0078,0.0911,SP,riberao preto
282,53243585a1d6dc2643021fd1853d8905,358,356,4.132,43,0,0.0345,222776.05,0.1208,0.0,0.0909,BA,lauro de freitas
283,1da3aeb70d7989d1e6d9b0e887f97c23,265,263,4.163,33,1,0.0465,8823.52,0.1255,0.0038,0.0908,SP,sao paulo
284,ff1fb4c404b2efe68b03350a8dc24122,46,46,4.0,8,0,0.1364,6771.0,0.1739,0.0,0.0908,SP,mogi das cruzes
285,004c9cd9d87a3c30c522c48c4fc07416,158,155,4.129,21,0,0.0641,19712.71,0.1355,0.0,0.0904,SP,ibitinga
286,a888faf2d1baececa6baf9c3d603ee1f,54,54,4.037,9,0,0.0943,17765.8,0.1667,0.0,0.0903,PR,umuarama
287,34056b8b55c1775a22af2331670a799c,78,78,4.0,12,0,0.1169,6455.4,0.1538,0.0,0.0902,SP,penapolis
288,2e1c9f22be269ef4643f826c9e650a52,167,164,4.165,22,1,0.0621,12687.68,0.1341,0.006,0.0902,SP,sao paulo
289,06579cb253ecd5a3a12a9e6eb6bf8f47,62,62,4.081,10,0,0.0656,4727.2,0.1613,0.0,0.09,SP,sao paulo - sp
290,0cbcee27c791afa0cdcb08587a2013a8,39,39,3.846,7,1,0.1081,5324.15,0.1795,0.0256,0.0898,MG,tres coracoes
291,9c0e69c7bf2619675bbadf47b43f655a,157,156,4.103,21,1,0.0861,33702.78,0.1346,0.0064,0.0897,SP,sao jose dos campos
292,7a67c85e85bb2ce8582c35f2203ad736,1160,1151,4.245,122,1,0.0521,141745.53,0.106,0.0009,0.0895,SP,sao paulo
293,d673a59aac7a70d8b01e6902bf090a11,79,79,3.911,12,0,0.0779,3908.94,0.1519,0.0,0.0891,SP,ibitinga
294,7e93a43ef30c4f03f38b393420bc753a,336,335,4.215,40,4,0.0479,176431.87,0.1194,0.0119,0.0889,SP,barueri
295,b4a476fbd28de64b1e347abf9089366a,33,32,3.844,6,0,0.0667,5724.04,0.1875,0.0,0.0889,SP,itapevi
296,3481aa57cd91f9f9d3fa1fa12d9a3bf7,25,25,3.88,5,0,0.0,1773.03,0.2,0.0,0.0886,SP,capivari
297,dc317f341ab0e22f39acbd9dbf9b4a1f,55,55,4.145,9,0,0.0545,18988.4,0.1636,0.0,0.0885,RS,cachoeirinha
298,6c177e38df6d3f34182b1f1d427231bf,55,55,4.036,9,0,0.0189,8341.89,0.1636,0.0,0.0885,PR,curitiba
299,a1043bafd471dff536d0c462352beb48,718,715,4.222,78,3,0.0483,101901.16,0.1091,0.0042,0.0883,MG,ilicinea
300,128639473a139ac0f3e5f5ade55873a5,533,527,4.186,59,0,0.0419,11908.85,0.112,0.0,0.0878,PR,maringa
301,daeb5653dd96c1b11860f72209795012,40,40,4.05,7,0,0.0811,2305.9,0.175,0.0,0.0875,MG,belo horizonte
302,2c9e548be18521d1c43cde1c582c6de8,126,124,4.113,17,0,0.1545,6109.44,0.1371,0.0,0.0874,SP,mogi das cruzes
303,86ccac0b835037332a596a33b6949ee1,180,179,4.196,23,1,0.0226,16619.93,0.1285,0.0056,0.0872,SC,blumenau
304,cbd996ad3c1b7dc71fd0e5f5df9087e2,165,161,4.149,21,0,0.0812,8411.04,0.1304,0.0,0.0869,SP,sao jose do rio preto
305,b499c00f28f4b7069ff6550af8c1348a,152,152,4.118,20,0,0.1319,10327.13,0.1316,0.0,0.0868,SP,limeira
306,8f2ce03f928b567e3d56181ae20ae952,153,152,4.105,20,0,0.1267,21712.9,0.1316,0.0,0.0868,SP,pirituba
307,ceaec5548eefc6e23e6607c5435102e7,203,199,4.146,25,2,0.051,52917.18,0.1256,0.0099,0.0865,SP,sao paulo
308,4830e40640734fc1c52cd21127c341d4,210,209,4.148,26,2,0.0493,9843.47,0.1244,0.0095,0.0863,SP,sao paulo
309,6860153b69cc696d5dcfe1cdaaafcf62,74,73,4.096,11,0,0.0822,3827.63,0.1507,0.0,0.0863,SP,capivari
310,b839e41795b7f3ad94cc2014a52f6796,33,33,4.091,6,0,0.0323,42829.0,0.1818,0.0,0.0861,SP,sao caetano do sul
311,d93919c944be9cff128f6c9cb899eacb,33,33,4.0,6,0,0.1515,2666.7,0.1818,0.0,0.0861,SP,mombuca
312,d5ba419e26d246a0719437cf37d9b46d,34,33,3.909,6,0,0.0909,4061.4,0.1818,0.0,0.0861,SP,sao paulo
313,a420f60ff1aa9acc80d0e42959f2b313,67,65,3.954,10,0,0.0769,7443.3,0.1538,0.0,0.0857,SP,sao paulo
314,e26901d5ab434ce92fd9b5c256820a4e,202,202,4.124,25,1,0.0152,11990.9,0.1238,0.005,0.0853,SP,maua
315,0adac9fbd9a2b63cccaac4f8756c1ca8,110,109,4.046,15,3,0.0571,15960.95,0.1376,0.0273,0.0852,SP,louveira
316,138dbe45fc62f1e244378131a6801526,49,49,4.082,8,0,0.0222,1125.56,0.1633,0.0,0.0852,SP,sao paulo
317,1336efc61c316ddf92c899eb817f7cae,74,74,4.0,11,0,0.0811,4837.31,0.1486,0.0,0.085,SP,assis
318,9e6229250fedbe05838fef417b74e7fb,74,74,3.892,11,0,0.0282,13132.2,0.1486,0.0,0.085,SP,mirandopolis
319,c8b0e2b0a7095e5d8219575d5e7e1181,84,83,4.084,12,0,0.0741,12170.21,0.1446,0.0,0.0847,SP,itaquaquecetuba
320,5a8e7d5003a1f221f9e1d6e411de7c23,139,138,4.145,18,1,0.0365,11171.9,0.1304,0.0072,0.0841,SP,campinas
321,048c2757535328e0d7dac690ad3c0aae,51,50,4.18,8,0,0.12,9264.78,0.16,0.0,0.0834,SP,franca
322,4559697a8f7e637227c2eeaed843baff,42,42,4.048,7,0,0.0769,3696.0,0.1667,0.0,0.0832,SP,presidente prudente
323,3b15288545f8928d3e65a8f949a28291,104,103,4.01,14,0,0.0693,14061.79,0.1359,0.0,0.0827,SP,ibitinga
324,0db783cfcd3b73998abc6e10e59a102f,132,131,4.206,17,0,0.0379,9077.4,0.1298,0.0,0.0826,SP,santos
325,fa1c13f2614d7b5c4749cbc52fecda94,585,581,4.339,61,1,0.0923,194042.03,0.105,0.0017,0.0826,SP,sumare
326,e62b2d6ac10570a035a30bafcf01d263,62,59,3.966,9,0,0.1129,5340.39,0.1525,0.0,0.0824,SP,sao paulo
327,582d4f8675b945722eda7c0cb61ba4c7,59,59,4.153,9,0,0.0172,4702.96,0.1525,0.0,0.0824,SP,bertioga
328,1c129092bf23f28a5930387c980c0dfc,201,200,4.235,24,0,0.045,9553.62,0.12,0.0,0.082,SP,sao paulo
329,669ae81880e08f269a64487cfb287169,162,161,4.242,20,1,0.0443,13248.87,0.1242,0.0062,0.0819,SC,rio do sul
330,38e679b9e0064cd94c6f035707344dae,28,27,4.0,5,1,0.037,3694.51,0.1852,0.0357,0.0818,PR,londrina
331,002100f778ceb8431b7a1020ff7ab48f,51,51,3.902,8,0,0.18,1234.5,0.1569,0.0,0.0817,SP,franca
332,f8db351d8c4c4c22c6835c19a46f01b0,667,663,4.238,68,1,0.0433,50525.6,0.1026,0.0015,0.0817,SP,salto
333,8581055ce74af1daba164fdbd55a40de,387,386,4.262,42,2,0.0824,64925.3,0.1088,0.0052,0.0815,SP,guarulhos
334,b39d7fe263ef469605dbb32608aee0af,44,43,3.884,7,0,0.0465,5193.1,0.1628,0.0,0.0812,SP,ibitinga
335,6f892e20a171e98efe17fdb971ff319b,44,43,3.93,7,0,0.0976,6438.7,0.1628,0.0,0.0812,SP,sao paulo
336,aaed1309374718fdd995ee4c58c9dfcd,105,105,4.067,14,0,0.0288,9376.95,0.1333,0.0,0.0811,SC,timbo
337,85d9eb9ddc5d00ca9336a2219c97bb13,509,506,4.18,53,1,0.022,15415.24,0.1047,0.002,0.0809,MG,belo horizonte
338,1a932caad4f9d804097d7f8e615baed1,20,20,3.9,4,0,0.1053,4661.0,0.2,0.0,0.0807,SP,sao paulo
339,f918546be4bec7104d117789ba758b2b,20,20,3.85,4,0,0.1579,1483.0,0.2,0.0,0.0807,SP,sao paulo
340,fd386aa7bed2af3c7035c65506c9b4a3,69,69,4.348,10,0,0.1061,2304.15,0.1449,0.0,0.0806,SP,sao paulo
341,951e8cef368f09bb3f3d03c00ca4702c,64,61,4.082,9,0,0.0645,4092.29,0.1475,0.0,0.0796,SP,ibitinga
342,0c7533c71df861ec58ad7ff999ed0e8d,61,61,4.148,9,0,0.0492,2989.3,0.1475,0.0,0.0796,SP,valinhos
343,db4350fd57ae30082dec7acbaacc17f9,137,136,4.14,17,0,0.0296,3331.31,0.125,0.0,0.0795,SP,sao paulo
344,ccc4bbb5f32a6ab2b7066a4130f114e3,187,186,4.285,22,0,0.0604,74004.62,0.1183,0.0,0.0794,PR,curitiba
345,a2e874074c877c5a05abae80ad6e488f,44,44,3.955,7,1,0.05,8071.98,0.1591,0.0227,0.0793,SP,sao jose do rio preto
346,ececbfcff9804a2d6b40f589df8eef2b,98,98,4.112,13,0,0.0947,6792.4,0.1327,0.0,0.0792,SP,franca
347,8931a84a914b3fe9b1ddaa4d704947ca,29,28,4.071,5,0,0.0714,4668.3,0.1786,0.0,0.0788,SP,sao paulo
348,14a08204d03bb6b6bde8029f801ae0eb,28,28,3.893,5,0,0.0,2185.4,0.1786,0.0,0.0788,SP,sao paulo
349,28f10b1c5e5abb9d4857745bede6147c,28,28,4.0,5,0,0.1429,835.0,0.1786,0.0,0.0788,SP,sao paulo
350,e8f6dc8e6a1dcde89d20e3995c8d90b3,36,36,3.917,6,0,0.0857,2256.34,0.1667,0.0,0.0787,SP,sao paulo
351,bf84056e679dbe9c69929847a40e338f,36,36,3.75,6,0,0.0571,2024.04,0.1667,0.0,0.0787,SP,sao paulo
352,99002261c568a84cce14d43fcffb43ea,36,36,3.722,6,0,0.0556,4088.0,0.1667,0.0,0.0787,MT,cuiaba
353,bba74270a87732727b5a3b4fd9ac1c39,36,36,3.972,6,0,0.0,6001.59,0.1667,0.0,0.0787,MG,betim
354,96493fab2fbb13a14d0c0e8772eef5c3,63,62,4.065,9,0,0.0635,18969.0,0.1452,0.0,0.0783,SP,sao paulo
355,82bd0703a4aefd6b599e5bfdaed378fb,21,21,3.905,4,1,0.05,2692.28,0.1905,0.0476,0.0767,SP,marilia
356,7139dc5186aa238b006e066d8fbab2e4,22,21,4.0,4,0,0.1364,1712.0,0.1905,0.0,0.0767,SP,amparo
357,2a6fbeaa7ab9e5d59a35841a8da71ce4,30,29,3.931,5,0,0.0667,1632.79,0.1724,0.0,0.076,SC,jaragua do sul
358,94e93ce877be27a515118dbfd2c2be41,30,29,3.931,5,0,0.0,5674.57,0.1724,0.0,0.076,SP,votuporanga
359,e06f09ec0a4aca210779cf1cfc63cf19,29,29,3.966,5,0,0.069,5279.49,0.1724,0.0,0.076,SP,sao paulo
360,271c58a1d139c45eaf3316107c6d3a3b,29,29,4.069,5,0,0.0741,3897.52,0.1724,0.0,0.076,SP,sao paulo
361,056b4ada5bbc2c50cc7842547dda6b51,65,64,4.172,9,0,0.1148,12333.39,0.1406,0.0,0.0758,RJ,queimados
362,1838dd9b8977065acf51d95e0053ea7a,64,64,4.266,9,0,0.0323,2820.3,0.1406,0.0,0.0758,MG,belo horizonte
363,76d64c4aca3a7baf218bf93ef7fa768d,64,64,4.234,9,0,0.0312,16911.8,0.1406,0.0,0.0758,PR,curitiba
364,432c37c9dfba871172ec162e20118b8c,46,46,4.109,7,1,0.0909,2968.87,0.1522,0.0217,0.0757,DF,brasilia
365,3df020b72d3d44b3af9d110fa3940b65,55,55,4.055,8,0,0.0926,5039.9,0.1455,0.0,0.0756,SP,jales
366,de23c3b98a88888289c6f5cc1209054a,164,164,4.256,19,1,0.075,26399.67,0.1159,0.0061,0.0755,SP,sao paulo
367,9f505651f4a6abe901a56cdc21508025,397,394,4.34,40,0,0.0423,26361.82,0.1015,0.0,0.0754,SP,sao paulo
368,f7ba60f8c3f99e7ee4042fdef03b70c4,219,219,4.205,24,0,0.1389,68395.0,0.1096,0.0,0.0748,SP,sao bernardo do campo
369,5d0363b33554b373851fc1622e4d5f3c,94,94,4.043,12,0,0.086,6610.79,0.1277,0.0,0.0746,SP,atibaia
370,8a432f4e5b471f8da497d7dc517666e2,95,94,4.191,12,0,0.0122,7555.0,0.1277,0.0,0.0746,SP,presidente prudente
371,ce248b21cb2adc36282ede306b7660e5,65,65,4.185,9,1,0.0781,15230.06,0.1385,0.0154,0.0746,SC,jaragua do sul
372,0176f73cc1195f367f7b32db1e5b3aa8,38,38,4.079,6,0,0.1111,4733.1,0.1579,0.0,0.0744,SP,ibitinga
373,96804ea39d96eb908e7c3afdb671bb9e,38,38,4.053,6,0,0.027,3610.7,0.1579,0.0,0.0744,MG,ibia
374,1a3df491d1c4f1589fc2b934ada68bf2,167,167,4.192,19,0,0.038,23302.7,0.1138,0.0,0.0741,SC,joinville
375,4c03b9dd4c11ee2cb35c96c49efc9420,48,47,4.106,7,0,0.0208,6458.6,0.1489,0.0,0.074,SP,campo limpo paulista
376,0691148aee60ca47977c187804f935ae,47,47,4.17,7,0,0.0217,5868.51,0.1489,0.0,0.074,PR,londrina
377,b76dba6c951ab00dc4edf0a1aa88037e,159,157,4.178,18,0,0.0323,2574.78,0.1146,0.0,0.0737,SP,sao paulo
378,7e1fb0a3ebfb01ffb3a7dae98bf3238d,159,157,4.159,18,2,0.1161,27349.53,0.1146,0.0126,0.0737,SP,franca
379,1554a68530182680ad5c8b042c3ab563,247,245,4.314,26,0,0.062,29052.53,0.1061,0.0,0.0734,MG,monte siao
380,6ec1a01e866584bb679eb9b098345919,31,30,4.133,5,0,0.2,4248.91,0.1667,0.0,0.0734,SP,santos
381,259f7b5e6e482c230e5bfaa670b6bb8f,138,137,4.299,16,0,0.0152,8526.04,0.1168,0.0,0.0732,SP,poa
382,2156f2671501a81034d7d07f217609d0,22,22,3.864,4,0,0.15,2981.5,0.1818,0.0,0.0731,SP,sp
383,55f7a3319d80f7fdf078b8f03e6725fe,22,22,3.773,4,0,0.0455,3013.78,0.1818,0.0,0.0731,SP,osasco
384,fb89df7f89fd1b8f03fa2acca1ba7364,22,22,3.864,4,0,0.0909,2220.0,0.1818,0.0,0.0731,PR,foz do iguacu
385,6a8b085f816a1f75f92dbac6eb545f8f,127,127,4.11,15,0,0.0738,6018.97,0.1181,0.0,0.0729,SP,bebedouro
386,f5a590cf36251cf1162ea35bef76fe84,117,117,4.231,14,3,0.0741,53201.78,0.1197,0.0256,0.0727,SP,sao bernardo do campo
387,0241d4d5d36f10f80c644447315af0bd,238,237,4.354,25,0,0.0472,31397.7,0.1055,0.0,0.0725,PR,curitiba
388,56642bcb79900e777d68e91915cb4267,48,48,4.062,7,0,0.0833,3657.64,0.1458,0.0,0.0725,SP,sao paulo
389,37515688008a7a40ac93e3b2e4ab203f,228,226,4.093,24,0,0.0796,5986.6,0.1062,0.0,0.0724,SP,dracena
390,f3b80352b986ab4d1057a4b724be19d0,87,87,4.172,11,0,0.0,10505.1,0.1264,0.0,0.0721,DF,brasilia
391,3bdff180c7e1f6551a643b99c265a120,59,58,4.086,8,0,0.0179,3114.9,0.1379,0.0,0.0716,SP,sao paulo
392,7681ef142fd2c19048da7430856b5588,59,58,4.172,8,0,0.0893,31941.81,0.1379,0.0,0.0716,SP,guarulhos
393,2a84855fd20af891be03bc5924d2b453,164,162,4.253,18,3,0.0282,15819.1,0.1111,0.0183,0.0714,MG,belo horizonte
394,f0b47fbbc6dee9aafe415a6e33051b3f,68,68,4.221,9,0,0.1061,3795.91,0.1324,0.0,0.0713,SP,maua
395,5d3bb11474a06bdc23fb9e89f1164ee0,31,31,3.903,5,0,0.0323,3654.6,0.1613,0.0,0.0709,SP,assis
396,01fd077212124329bac32490e8ef80d9,31,31,4.161,5,0,0.0323,1208.0,0.1613,0.0,0.0709,SP,ribeirao preto / sao paulo
397,66e0557ecc2b4dbea057e93f215f68d8,31,31,3.935,5,1,0.2,12480.0,0.1613,0.0323,0.0709,SP,sao paulo
398,83deb69e889cf80f82be1dc6d5f2d486,40,40,4.325,6,0,0.05,5363.01,0.15,0.0,0.0706,SC,florianopolis
399,ad420dd0c4f92f8af951ac24b86d0cf5,42,40,4.125,6,0,0.0732,4705.29,0.15,0.0,0.0706,MG,fronteira
400,bacb1f0ed56ad24198f5810d2b3fe9a5,42,40,4.075,6,3,0.0263,6940.45,0.15,0.0714,0.0706,SP,jacarei
401,fe2032dab1a61af8794248c8196565c9,294,290,4.376,29,0,0.0909,65959.61,0.1,0.0,0.0705,SP,campinas
402,45d33f715e24d15a6ccf5c17b3a23e3c,59,59,4.017,8,2,0.0536,4838.23,0.1356,0.0339,0.0703,SP,sorocaba
403,3078096983cf766a32a06257648502d1,59,59,4.203,8,2,0.0357,8285.42,0.1356,0.0339,0.0703,SP,scao jose do rio pardo
404,1e8b33f18b4f7598d87f5cbee2282cc2,123,121,4.372,14,0,0.0351,17309.06,0.1157,0.0,0.0702,SP,sao paulo
405,f615fe7efbef0f4f08fd3086bc7a3e60,23,23,4.348,4,1,0.0952,2359.27,0.1739,0.0435,0.0698,SP,atibaia
406,3d5d0dc7073a299e31fa718ce1bc00b6,23,23,4.304,4,1,0.0526,790.7,0.1739,0.0435,0.0698,RJ,rio de janeiro
407,c731d18cea9bf687ffee82a241c25b11,24,23,4.217,4,0,0.0,3662.0,0.1739,0.0,0.0698,SC,concordia
408,562fc2f2c2863ab7e79a9e4388a58a14,260,258,4.217,26,2,0.0324,8814.2,0.1008,0.0077,0.0697,SP,campinas
409,7722b1df1b0e383e000397b2c11e3e19,134,133,4.226,15,0,0.0305,7094.09,0.1128,0.0,0.0696,SP,sao bernardo do campo
410,b4ffb71f0cb1b1c3d63fad021ecf93e1,144,144,4.222,16,0,0.0213,6656.09,0.1111,0.0,0.0696,SP,sao paulo
411,f84fa566034f5e8e880a07ec624c56af,91,90,4.211,11,0,0.1034,5093.79,0.1222,0.0,0.0696,SP,indaiatuba
412,cb3dd9ce66268c7a3ca7241ac70ab58c,50,50,4.14,7,1,0.0417,2879.76,0.14,0.02,0.0695,SP,sao paulo
413,00ee68308b45bc5e2660cd833c3f81cc,135,134,4.299,15,0,0.0692,20260.0,0.1119,0.0,0.069,SP,sao paulo
414,c847e075301870dd144a116762eaff9a,42,41,4.171,6,1,0.0732,15348.7,0.1463,0.0238,0.0688,MG,uberaba
415,20cb7c2fde3e5bf10f0bbe7394e1c6a9,32,32,4.0,5,0,0.0968,861.9,0.1562,0.0,0.0686,PR,andira-pr
416,5c6d4016c2a288f074fa0848a2b653d2,32,32,4.062,5,0,0.0968,3159.0,0.1562,0.0,0.0686,SP,sao paulo
417,30a2f535bb48308f991d0b9ad4a8c4bb,71,71,4.282,9,0,0.0294,4731.3,0.1268,0.0,0.0682,SP,santa barbara d'oeste
418,7e3f87d16fb353f408d467e74fbd8014,92,92,4.13,11,0,0.0659,4754.99,0.1196,0.0,0.0681,SP,sao paulo
419,b1a81260566c1bac3114a6d124413f27,51,51,4.275,7,0,0.0,8684.69,0.1373,0.0,0.0681,RS,carazinho
420,de722cd6dad950a92b7d4f82673f8833,339,337,4.294,32,0,0.0364,55426.1,0.095,0.0,0.0681,PE,recife
421,7b07b3c7487f0ea825fc6df75abd658b,93,93,4.355,11,1,0.044,9731.85,0.1183,0.0108,0.0674,SP,sao paulo
422,bfd27a966d91cfaafdb25d076585f0da,117,115,4.278,13,0,0.0531,19921.0,0.113,0.0,0.0672,SP,serra negra
423,3d8fa2f5b647373c8620330c4e077a9f,43,42,4.167,6,0,0.0244,3571.73,0.1429,0.0,0.0672,SP,sao paulo
424,dbc22125167c298ef99da25668e1011f,406,405,4.269,37,4,0.0235,33776.78,0.0914,0.0099,0.067,MG,borda da mata
425,c9c7905cffc4ef9ff9f113554423e671,127,127,4.142,14,0,0.0794,10657.18,0.1102,0.0,0.0668,SP,itapecerica da serra
426,e89c4adbe7b1d0819dbb636e16461cf1,24,24,3.833,4,0,0.125,3181.3,0.1667,0.0,0.0668,SP,indaiatuba
427,974cf2cb8f4b7add98709c30df02fe10,33,33,4.061,5,0,0.0357,2982.67,0.1515,0.0,0.0665,SP,araraquara
428,93dc87703c046b603023e75222018b45,35,33,3.97,5,0,0.0909,8517.35,0.1515,0.0,0.0665,MG,belo horizonte
429,8d956fec2e4337affcb520f56fd8cbfd,211,211,4.199,21,1,0.0628,11015.19,0.0995,0.0047,0.066,SP,sao bernardo do campo
430,729f06993dac8e860d4f02d7088ca48a,96,95,4.168,11,0,0.0978,20485.08,0.1158,0.0,0.0659,SP,limeira
431,ebd2d60905fb58271facef5596b620d3,84,84,4.155,10,0,0.037,7941.72,0.119,0.0,0.0659,SP,lencois paulista
432,e0a366315b1b726b6c7832d664c0f530,43,43,4.302,6,0,0.0238,7400.09,0.1395,0.0,0.0655,SP,sao paulo
433,f214d28e8d8e3ef068748498ccc2f813,54,53,4.151,7,0,0.0769,2212.41,0.1321,0.0,0.0655,SP,sao paulo
434,701938c450705b8ae65fc923b70f35c7,75,74,4.014,9,0,0.0405,11983.28,0.1216,0.0,0.0653,SP,s jose do rio preto
435,aac29b1b99776be73c3049939652091d,98,96,4.094,11,0,0.086,6755.91,0.1146,0.0,0.0652,MG,uberlandia
436,dbb9b48c841a0e39e21f98e1a6b2ec3e,108,108,4.269,12,0,0.0374,7186.85,0.1111,0.0,0.0647,SP,sao paulo
437,8e8a7ce9f2f970dc00e2acf6f6e199f6,65,64,4.0,8,0,0.0645,9101.0,0.125,0.0,0.0647,RJ,sao goncalo
438,530ec6109d11eaaf87999465c6afee01,97,97,4.237,11,0,0.0111,12983.81,0.1134,0.0,0.0645,PR,cascavel
439,7ea5bfa6c340f58f8e71fc1f0412b0d6,98,97,4.124,11,0,0.0632,11002.89,0.1134,0.0,0.0645,MG,belo horizonte
440,6fc26fe110feebd80a433e1f012a84f9,35,34,3.912,5,0,0.1143,4150.87,0.1471,0.0,0.0645,SP,fernandopolis
441,fa1a9dec3a9940c072684a46728bf1fc,55,54,4.111,7,0,0.0,6674.0,0.1296,0.0,0.0642,SC,icara
442,b32be1695eb7ec5f10f72d9610a12527,45,44,4.068,6,0,0.0455,26874.0,0.1364,0.0,0.0641,RS,caxias do sul
443,f789d2c4f2c2eb38fc4373e7a4b35264,44,44,4.159,6,0,0.0465,4864.24,0.1364,0.0,0.0641,MG,juiz de fora
444,58f1a6197ed863543e0136bdedb3fce2,44,44,4.182,6,0,0.0244,6833.0,0.1364,0.0,0.0641,MG,conselheiro lafaiete
445,3b872fd4747f01cc56206f2934198618,25,25,3.88,4,0,0.16,2726.74,0.16,0.0,0.064,SP,ibitinga
446,bd0389da23d89b726abf911cccc54596,87,87,4.172,10,0,0.0706,7472.16,0.1149,0.0,0.0636,DF,brasilia
447,6edacfd9f9074789dad6d62ba7950b9c,208,207,4.353,20,1,0.0448,13147.1,0.0966,0.0048,0.0634,SP,guarulhos
448,d94a40fd42351c259927028d163af842,101,99,4.182,11,0,0.0306,13823.8,0.1111,0.0,0.0632,MG,baependi
449,c70c1b0d8ca86052f45a432a38b73958,261,259,4.359,24,0,0.0551,36537.37,0.0927,0.0,0.0631,SP,hortolandia
450,17a053fcb14bd219540cbde0df490be0,125,123,4.228,13,0,0.0574,40703.14,0.1057,0.0,0.0628,SP,mogi guacu
451,1b4c3a6f53068f0b6944d2d005c9fc89,113,112,4.214,12,0,0.0463,14760.3,0.1071,0.0,0.0623,SC,sao ludgero
452,827f8f69dfa529c561901c4f2e0f332f,91,89,4.281,10,0,0.0659,3408.39,0.1124,0.0,0.0622,PR,curitiba
453,066a6914e1ebf3ea95a216c73a986b91,68,67,4.09,8,0,0.0308,9410.38,0.1194,0.0,0.0618,PR,foz do iguacu
454,9d5a9018aee56acb367ba9c3f05d1d6a,67,67,4.418,8,0,0.0152,10292.31,0.1194,0.0,0.0618,GO,aparecida de goiania
455,94144541854e298c2d976cb893b81343,68,67,4.254,8,0,0.0441,17286.28,0.1194,0.0,0.0618,RS,viamao
456,8cbac7e12637ed9cffa18c7875207478,67,67,4.119,8,0,0.0615,2990.98,0.1194,0.0,0.0618,SC,jaragua do sul
457,fc906263ca5083d09dce42fe02247800,114,114,4.351,12,0,0.0,4497.7,0.1053,0.0,0.0613,MG,belo horizonte
458,3bb548e3cb7f70f28e3f11ee9dce0e59,46,46,4.196,6,0,0.0,7690.02,0.1304,0.0,0.0612,PR,maringa
459,fdb9095204a334cd8872252ffec6f2db,46,46,4.174,6,0,0.0652,8156.0,0.1304,0.0,0.0612,SP,sao paulo
460,382229d1e840115ffe3dbf5ff460e417,46,46,4.217,6,0,0.0667,4096.96,0.1304,0.0,0.0612,RJ,rio de janeiro
461,37be5a7c751166fbc5f8ccba4119e043,272,268,4.328,24,0,0.026,55350.55,0.0896,0.0,0.061,SP,sao paulo
462,e59aa562b9f8076dd550fcddf0e73491,70,70,4.214,8,0,0.0882,31574.3,0.1143,0.0,0.0591,PR,curitiba
463,575df70bde3f9f2b30bf8d2e9910d725,27,27,4.074,4,0,0.037,5410.05,0.1481,0.0,0.0591,SP,sao jose do rio preto
464,5b67882648febfb6e1225e6ad7164f6b,27,27,4.0,4,0,0.0385,6813.48,0.1481,0.0,0.0591,PR,umuarama
465,b94cc9f10ddc85e4ba73a6f7974e7101,39,37,4.297,5,0,0.0513,25346.1,0.1351,0.0,0.0591,RJ,macae
466,3db66a856d18a9cba7c9241fc5221c50,94,94,4.202,10,0,0.1064,9478.3,0.1064,0.0,0.0588,MG,ponte nova
467,850f4f8af5ea87287ac68de36e29107f,187,184,4.293,17,0,0.0489,45355.36,0.0924,0.0,0.0585,SP,sao paulo
468,54a1852d1b8f10312c55e906355666ee,200,199,4.327,18,0,0.0769,17226.44,0.0905,0.0,0.058,SP,santa barbara d'oeste
469,05d2173d43ea568aa0540eba70d2ca76,62,60,4.183,7,0,0.0484,5759.66,0.1167,0.0,0.0577,MG,alfenas
470,537eb890efff034a88679788b647c564,160,160,4.219,15,0,0.0385,4679.7,0.0938,0.0,0.0577,RJ,rio de janeiro
471,d650b663c3b5f6fb392b6326366efa9a,60,60,4.2,7,0,0.0536,19242.9,0.1167,0.0,0.0577,SP,cotia
472,01cf7e3d21494c41fb86034f2e714fa1,61,60,4.15,7,0,0.0517,9729.36,0.1167,0.0,0.0577,PR,francisco beltrao
473,5b8154610ebb21fb90eb587365e673df,38,38,4.184,5,1,0.1081,9397.54,0.1316,0.0263,0.0576,SP,sao jose dos campos
474,5c243662ce92d84573bfaff24c3e3700,98,97,4.144,10,0,0.0102,32862.02,0.1031,0.0,0.057,SP,sao paulo
475,c8467937e403e76a8ee9f0ab13f6f5ef,30,28,4.071,4,0,0.1333,1853.79,0.1429,0.0,0.057,MG,pocos de caldas
476,80e6699fe29150b372a0c8a1ebf7dcc8,98,97,4.278,10,0,0.0312,11441.56,0.1031,0.0,0.057,PR,pinhais
477,238fac594e170b59c6d228f5a4f4f1d9,29,28,4.0,4,0,0.1071,3126.0,0.1429,0.0,0.057,SP,dois corregos
478,df560393f3a51e74553ab94004ba5c87,28,28,3.679,4,0,0.0769,3661.18,0.1429,0.0,0.057,PR,loanda
479,c0563dd588b775f2e37747ef6ad6c92c,28,28,4.357,4,0,0.1071,3697.2,0.1429,0.0,0.057,SP,santo andre
480,57c764b4a836300be881e2ff86e449f9,29,28,4.143,4,0,0.1429,1211.0,0.1429,0.0,0.057,SP,ribeirao preto
481,0d85bbda9889ce1f7e63778d24f346eb,51,50,4.2,6,0,0.1176,4845.2,0.12,0.0,0.0562,MG,uberlandia
482,0df3984f9dfb3d49ac6366acbd3bbb85,87,87,4.345,9,1,0.0116,10021.49,0.1034,0.0115,0.0554,MG,betim
483,a3a38f4affed601eb87a97788c949667,254,251,4.386,21,0,0.0445,26533.32,0.0837,0.0,0.0554,SC,joinville
484,f12ff17ad8bbf01ec5c33b17e506649b,29,29,3.828,4,1,0.1071,6241.0,0.1379,0.0345,0.055,SP,sao paulo
485,8b2492b7ff4468839593fafeed55bad9,29,29,4.172,4,0,0.0714,3660.08,0.1379,0.0,0.055,RJ,sao goncalo
486,aafe36600ce604f205b86b5084d3d767,129,129,4.403,12,0,0.0391,9251.4,0.093,0.0,0.054,SC,sao jose
487,2a7dc43cecabf23403078e2188437d1d,52,52,4.096,6,0,0.0588,4795.91,0.1154,0.0,0.054,SP,sao paulo
488,e24fc9fcd865784fb25705606fe3dfe7,52,52,4.173,6,0,0.0784,12936.0,0.1154,0.0,0.054,SP,braganca paulista
489,624f4ece8da4aafb77699233d480f8ef,53,52,4.25,6,0,0.0769,9205.0,0.1154,0.0,0.054,SP,sao paulo
490,7dc8c42cc750eeafea6c85712ffee9bf,41,41,4.195,5,0,0.05,6409.68,0.122,0.0,0.0533,SP,sao paulo
491,f00e21b1e91a79653163b7fd8f293ff1,31,30,4.1,4,0,0.0323,3900.09,0.1333,0.0,0.0531,SP,andradas
492,2bf6a2c1e71bbd29a4ad64e6d3c3629f,30,30,4.167,4,0,0.0667,50628.9,0.1333,0.0,0.0531,RJ,nova friburgo
493,542917da124346b47ea1ac79a93ce454,20,20,4.15,3,0,0.05,1303.9,0.15,0.0,0.0524,PR,curitiba
494,d3674f271c91f824f82d24d92011f669,20,20,4.1,3,0,0.1,1718.3,0.15,0.0,0.0524,DF,brasilia
495,6b243f80ed07b10f0e8aa0f21a205f3c,79,79,4.266,8,0,0.0395,6260.1,0.1013,0.0,0.0522,PR,curitiba
496,750303a20e9c56b2a6bc45cdce0b897d,54,54,4.241,6,0,0.0377,8085.0,0.1111,0.0,0.0519,GO,goiania
497,e63e8bfa530fb16910dd6956e592bb81,42,42,4.238,5,0,0.0488,1311.7,0.119,0.0,0.0519,SP,guarulhos
498,e067ad2c1c0b48758eb1b5228bcf7a68,54,54,4.148,6,0,0.0741,5042.55,0.1111,0.0,0.0519,SP,santos
499,2745f798279e0ed033addcc1474776d7,32,31,3.968,4,0,0.0938,3668.53,0.129,0.0,0.0513,SP,sao paulo
500,72c5da29406b4234927b81855e7b64f6,31,31,4.129,4,0,0.037,11798.69,0.129,0.0,0.0513,SP,guarulhos
501,062ce95fa2ad4dfaedfc79260130565f,55,55,4.036,6,0,0.037,7521.0,0.1091,0.0,0.051,RS,lajeado
502,fa40cc5b934574b62717c68f3d678b6d,307,305,4.472,23,1,0.053,16055.87,0.0754,0.0033,0.0508,SP,sao paulo
503,b18dc380845b24038cfc48006478f099,44,43,4.14,5,0,0.1163,8353.3,0.1163,0.0,0.0507,SP,diadema
504,31344c16881c08a8a72c6d2eb29918c1,43,43,4.349,5,0,0.0488,9615.7,0.1163,0.0,0.0507,MG,uba
505,febab0275244b9a49a623f0bd613ca2f,109,109,4.376,10,0,0.0385,7272.42,0.0917,0.0,0.0506,SP,pedreira
506,c3cfdc648177fdbbbb35635a37472c53,278,277,4.469,21,0,0.0145,43048.18,0.0758,0.0,0.0501,PR,curitiba
507,1b8356dabde1d35e17cef975c3f82730,56,56,4.161,6,0,0.0182,3426.39,0.1071,0.0,0.05,SP,sao paulo
508,59fb871bf6f4522a87ba567b42dafecf,126,125,4.232,11,0,0.0574,21708.57,0.088,0.0,0.0498,SP,sao paulo
509,232a6014e7b10cba61c6c2b2ea6bb4b0,33,32,4.156,4,0,0.0323,3919.87,0.125,0.0,0.0497,SP,cafelandia
510,aba1721a889e04decc910aa13b768ef4,83,83,4.446,8,0,0.0741,14103.3,0.0964,0.0,0.0497,SP,sao paulo
511,4917cee8d902e13428c3ec4b1ca6f315,33,32,4.156,4,2,0.0323,5421.9,0.125,0.0606,0.0497,SC,blumenau
512,ba143b05f0110f0dc71ad71b4466ce92,85,84,4.417,8,0,0.1266,6110.58,0.0952,0.0,0.049,SP,sao paulo
513,cab85505710c7cb9b720bceb52b01cee,206,205,4.283,16,0,0.0199,11389.1,0.078,0.0,0.0486,SP,sao paulo
514,0432ead42b6c8a0bdf68154add917fdf,85,85,4.459,8,2,0.0244,7792.1,0.0941,0.0235,0.0485,SP,maua
515,900ba814c251a692506d7834c1218441,88,85,4.188,8,0,0.1395,29099.69,0.0941,0.0,0.0485,SP,salto
516,b561927807645834b59ef0d16ba55a24,85,85,4.341,8,0,0.1412,4501.99,0.0941,0.0,0.0485,SP,sao paulo
517,afe0067131b73e40875c9b6c10bd2e21,46,45,4.2,5,1,0.0444,5130.4,0.1111,0.0217,0.0484,MG,lagoa da prata
518,ef0ace09169ac090589d85746e3e036f,129,129,4.372,11,0,0.0781,16223.3,0.0853,0.0,0.0483,RJ,sao goncalo
519,b335c59ab742f751a85db9c411a86739,33,33,3.848,4,1,0.0333,2873.34,0.1212,0.0303,0.0482,MG,araguari
520,df56d7b40d437f88407c5f78b63bc328,22,22,4.091,3,0,0.0455,2791.28,0.1364,0.0,0.0475,PR,cascavel
521,6288c69c4ce638e59925e59193f98b16,22,22,3.955,3,0,0.05,4506.28,0.1364,0.0,0.0475,SP,santo andre
522,4b5f66b7adcf57f1ecc0d3c07dd6b177,23,22,4.091,3,0,0.0435,6381.78,0.1364,0.0,0.0475,PR,vendas@creditparts.com.br
523,52f9db5cfb423382a2fa5c9e39303202,22,22,4.136,3,0,0.0,1269.77,0.1364,0.0,0.0475,SP,echapora
524,093805f8f2aeb63881444571e1f48f30,22,22,4.182,3,0,0.0455,1215.79,0.1364,0.0,0.0475,SP,osasco
525,bd697db56ff8e7c9cd1abeb7f72029b2,22,22,4.182,3,0,0.0,3069.78,0.1364,0.0,0.0475,SP,sao paulo
526,7f2617c58d5d06806987308b45654351,22,22,3.818,3,0,0.0909,3656.8,0.1364,0.0,0.0475,SP,sao paulo
527,7c5b05cbdb5542049f38d90d7815b97d,22,22,4.364,3,0,0.05,1038.96,0.1364,0.0,0.0475,SP,sao paulo
528,640e21a7d01df7614a3b4923e990d40c,116,116,4.302,10,0,0.0485,7598.88,0.0862,0.0,0.0475,SP,ibitinga
529,5cf13accae3222c70a9cac40818ae839,149,148,4.453,12,0,0.0204,14383.2,0.0811,0.0,0.047,MG,patos de minas
530,6a0cbc8af2e8abd1bdfb777943d174c6,35,34,4.059,4,0,0.0882,3894.05,0.1176,0.0,0.0467,SP,batatais
531,33ac3e28642ab8bda860a2f693000e78,34,34,4.206,4,0,0.0,3661.03,0.1176,0.0,0.0467,SP,cotia
532,edb1ef5e36e0c8cd84eb3c9b003e486d,166,166,4.422,13,0,0.0745,79284.55,0.0783,0.0,0.0463,RJ,teresopolis
533,d98eec89afa3380e14463da2aabaea72,168,167,4.341,13,0,0.0241,6968.53,0.0778,0.0,0.046,RS,porto alegre
534,058fd0aa2bfdb2274e05e1ae971dabb6,61,61,4.377,6,0,0.0678,7667.9,0.0984,0.0,0.0459,SP,santo andre
535,7299e27ed73d2ad986de7f7c77d919fa,338,338,4.42,23,1,0.037,34725.43,0.068,0.003,0.0457,MG,araguari
536,33a6f4b1e7cdc205511e76ba1b6e0186,105,105,4.41,9,0,0.02,10295.01,0.0857,0.0,0.0457,SP,guarulhos
537,65febd49fd28ec955651299159b1f527,35,35,4.314,4,0,0.0,4319.7,0.1143,0.0,0.0454,SP,sao paulo
538,ec8879960bd2221d5c32f8e12f7da711,36,35,4.314,4,0,0.1714,4062.4,0.1143,0.0,0.0454,SP,itatiba
539,13d058e4eeac2ce8217660b2f8a05812,23,23,4.217,3,0,0.0909,3829.77,0.1304,0.0,0.0454,SP,osasco
540,b6d44737c043328708f6749c2dbe50bd,62,62,4.468,6,1,0.0667,5369.6,0.0968,0.0161,0.0451,SP,santo andre
541,9616352088dcf83a7c06637f4ebf1c80,92,92,4.315,8,0,0.0,5703.0,0.087,0.0,0.0448,PR,umuarama
542,8f119a0aee85c0c8fc534629734e94fd,77,77,4.247,7,1,0.0405,3733.68,0.0909,0.013,0.0447,SP,barueri
543,2a5b78b41cd05baeac8df54c6606b92c,49,49,4.327,5,0,0.0217,19025.36,0.102,0.0,0.0444,MG,formiga
544,b372ee768ed69e46ca8cdbd267aa7a38,63,63,4.429,6,0,0.0,12630.0,0.0952,0.0,0.0444,SP,sao jose do rio preto
545,25cf099de44674fde97473224f9d59ab,50,49,4.327,5,0,0.0408,1654.36,0.102,0.0,0.0444,SP,cotia
546,25e6ffe976bd75618accfe16cefcbd0d,108,108,4.407,9,1,0.0286,11691.61,0.0833,0.0093,0.0444,SP,sao paulo
547,520b493b57809f446cb0a233bb3e25c7,63,63,4.302,6,0,0.0159,3698.9,0.0952,0.0,0.0444,SP,santos
548,ff063b022a9a0aab91bad2c9088760b7,94,93,4.312,8,0,0.0341,12076.5,0.086,0.0,0.0442,SP,santo andre
549,5cbbd5a299cab112b7bf23862255e43e,36,36,4.278,4,0,0.0,2726.06,0.1111,0.0,0.0441,PR,pinhais
550,670c26e0f1bf8d0576271d5cfaec6d2b,78,78,4.269,7,0,0.0519,6341.6,0.0897,0.0,0.0441,PR,maringa
551,240b9776d844d37535668549a396af32,36,36,4.278,4,0,0.0286,13592.08,0.1111,0.0,0.0441,RJ,niteroi
552,26d8a1c7c75d513045798992ead43aa2,36,36,4.306,4,0,0.0882,8244.12,0.1111,0.0,0.0441,PR,apucarana
553,7008613ea464bad5cb9b83456e1e6a8f,127,126,4.262,10,0,0.0488,7777.0,0.0794,0.0,0.0437,SC,canoinhas
554,a36b125ac6d5fdbc7f50de85c9157bdc,24,24,3.958,3,0,0.087,1843.64,0.125,0.0,0.0434,SP,ribeirao preto
555,cea729054f157f5870bdd321a958d994,24,24,4.125,3,0,0.0455,2482.1,0.125,0.0,0.0434,SP,sao paulo
556,b83cedfb587e7911540e3f576d6917ce,24,24,4.208,3,0,0.0417,2224.95,0.125,0.0,0.0434,SP,sao paulo
557,0afccdb8a34ee5c79f7c06faf2b4d56e,25,24,4.042,3,0,0.0833,1225.5,0.125,0.0,0.0434,MG,uberlandia
558,2e13c71026e1a39ba5cc1b86dcb679aa,24,24,4.375,3,0,0.0435,3793.0,0.125,0.0,0.0434,SP,sao paulo
559,8ae520247981aa06bc94abddf5f46d34,65,65,4.446,6,0,0.0,16320.99,0.0923,0.0,0.043,SC,navegantes
560,6c7d50c24b3ccd2fd83b44d8bb34e073,114,113,4.389,9,1,0.0179,8699.34,0.0796,0.0088,0.0424,SP,presidente prudente
561,4b9750c8ad28220fe6702d4ecb7c898f,218,218,4.362,15,0,0.0607,15915.3,0.0688,0.0,0.0421,SP,limeira
562,8bb48dc19fccaa8613b6229bf7f452a2,82,82,4.415,7,0,0.026,4190.72,0.0854,0.0,0.042,SP,assis
563,2199e7fe213c16213bf5d6a7eadc9a5d,25,25,4.24,3,0,0.0417,4078.29,0.12,0.0,0.0417,SP,registro
564,edf96ef93ed595084bbcbd9224bd2894,25,25,3.88,3,0,0.08,3757.0,0.12,0.0,0.0417,SP,sao paulo
565,e333046ce6517bd8bb510291d44f0130,68,68,4.338,6,0,0.0448,7268.0,0.0882,0.0,0.041,SP,ipaussu
566,4371b634e0efc0e22b09b52907d9d469,102,101,4.446,8,1,0.0707,8194.0,0.0792,0.0098,0.0407,SP,sao paulo
567,75fbb52eda0cbc24f479d3b2fbfa8d3e,40,39,4.359,4,1,0.0526,1130.99,0.1026,0.025,0.0406,GO,goiania
568,d50d79cb34e38265a8649c383dcffd48,70,69,4.246,6,0,0.0435,13012.42,0.087,0.0,0.0405,SP,sao paulo
569,87142160b41353c4e5fca2360caf6f92,305,304,4.405,19,0,0.04,31095.98,0.0625,0.0,0.0404,RS,porto alegre
570,0bae85eb84b9fb3bd773911e89288d54,137,137,4.27,10,0,0.0075,7482.21,0.073,0.0,0.0401,SP,itajai
571,b8555308bfdb4ca1ed54325a58da9a97,26,26,4.0,3,0,0.0769,3047.2,0.1154,0.0,0.04,SP,sao bernardo do campo
572,e883aa812c37a7413226856f4579fe91,26,26,4.154,3,0,0.04,4097.1,0.1154,0.0,0.04,SP,itapevi
573,f61c63d13f7cd800549d5acdd390ae72,26,26,4.0,3,0,0.0769,3072.3,0.1154,0.0,0.04,SP,pilar do sul
574,ccf8813e5a7d6c84d865cd38bfc2b130,26,26,4.385,3,0,0.0385,2635.5,0.1154,0.0,0.04,SP,taubate
575,6a8a889bde935bafa76d7848782dfaf9,26,26,4.038,3,0,0.0833,860.82,0.1154,0.0,0.04,SP,sao paulo
576,8090490573c6c0aa343a7231ebcb8c86,26,26,4.192,3,0,0.0833,3871.12,0.1154,0.0,0.04,SP,sao paulo - sp
577,cc63f0dd2acba93ffed4fe9f8e0321fa,55,55,4.091,5,0,0.0,7096.71,0.0909,0.0,0.0395,SP,sao jose do rio preto
578,9646c3513289980f17226a2fc4720dbd,71,71,4.352,6,2,0.029,3039.3,0.0845,0.0282,0.0393,SP,sao jose dos campos
579,81a1104df0f08b59c68aa5b03cfe398e,73,71,4.268,6,0,0.0417,9420.88,0.0845,0.0,0.0393,PR,sao jose dos pinhais
580,0ea22c1cfbdc755f86b9b54b39c16043,237,234,4.402,15,0,0.0087,10711.7,0.0641,0.0,0.0392,MG,sete lagoas
581,70eea00b476a314817cefde4aad4f89a,108,106,4.377,8,0,0.0673,31994.65,0.0755,0.0,0.0388,SP,itatiba
582,17f51e7198701186712e53a39c564617,56,56,4.339,5,0,0.0893,48019.0,0.0893,0.0,0.0388,SP,sao paulo
583,7d456afc660226829370f3173d14520c,56,56,4.357,5,0,0.0377,8338.25,0.0893,0.0,0.0388,SP,mogi das cruzes
584,527801b552d0077ffd170872eb49683b,90,89,4.472,7,0,0.1084,17942.8,0.0787,0.0,0.0387,SP,garca
585,d66c305afaec317ebee552073a674429,41,41,4.293,4,1,0.0263,4886.46,0.0976,0.0244,0.0386,MG,ribeirao das neves
586,8d79c8a04e42d722a75097ce5cbcf2ef,27,27,4.444,3,0,0.0769,2777.72,0.1111,0.0,0.0385,CE,caucaia
587,8c16d1f32a54d92897cc437244442e1b,108,107,4.355,8,0,0.0093,5642.6,0.0748,0.0,0.0384,SC,blumenau
588,612170e34b97004b3ba37eae81836b4c,107,107,4.43,8,0,0.0094,23065.02,0.0748,0.0,0.0384,RS,novo hamburgo
589,d6b1ce66b035a475f00c017792ff9769,92,90,4.278,7,0,0.0549,12277.4,0.0778,0.0,0.0382,SP,salto
590,c013e57c075a06e5b5c48ee03c525719,42,42,4.238,4,0,0.0488,1971.55,0.0952,0.0,0.0376,SP,sao carlos
591,9add47bf45ce8e8c7db6b9cf670b1e09,43,42,4.167,4,1,0.0244,4829.24,0.0952,0.0233,0.0376,PR,fazenda rio grande
592,1d4587203296c8f4ad134dc286fa6db0,42,42,4.286,4,0,0.0263,2323.3,0.0952,0.0,0.0376,SP,sao paulo
593,dee656f0f566ed1aa85bd137c943f08f,93,92,4.37,7,0,0.0444,6271.98,0.0761,0.0,0.0374,SP,cruzeiro
594,1eade46fba20122dc4aefb379f8c636b,58,58,4.431,5,0,0.1273,3635.37,0.0862,0.0,0.0374,SP,sao paulo
595,6d803cb79cc31c41c4c789a75933b3c7,58,58,4.241,5,0,0.069,8711.4,0.0862,0.0,0.0374,SP,sao joaquim da barra
596,e5e33c0d8e7e002f398f5dc4cbbb338f,28,28,4.321,3,1,0.0769,6698.7,0.1071,0.0357,0.0371,SP,bauru
597,0885aaf116795758dfeb5f1032487bcd,28,28,4.214,3,0,0.0,2648.0,0.1071,0.0,0.0371,SP,ferraz de vasconcelos
598,817245bcc3badd82bbd222e0366951a6,29,28,4.0,3,0,0.037,5580.5,0.1071,0.0,0.0371,SP,bauru
599,73a63f72308aa20a46f4b1632018f196,29,28,4.143,3,1,0.0,9606.8,0.1071,0.0345,0.0371,PR,curitiba
600,3f995f07c49d0d55a99d5c54957f7d81,43,43,4.209,4,0,0.0238,3955.7,0.093,0.0,0.0368,SP,itapecerica da serra
601,c6bda72e4dbf5c5866b13cb1810c6d03,59,59,4.39,5,0,0.0339,14059.38,0.0847,0.0,0.0367,SP,sao paulo
602,1f9ab4708f3056ede07124aad39a2554,78,77,4.078,6,0,0.0526,13602.73,0.0779,0.0,0.0362,SP,tupa
603,f7720c4fa8e3aba4546301ab80ea1f1b,60,60,4.2,5,0,0.0526,2083.45,0.0833,0.0,0.0361,PR,curitiba
604,406822777a0b9eb5c50e442dd4cd3ec5,45,44,4.295,4,0,0.1136,3648.08,0.0909,0.0,0.0359,SP,tatui
605,1464afc72f696af775557a821c2e253f,29,29,4.241,3,0,0.037,1059.36,0.1034,0.0,0.0358,RJ,nova friburgo
606,323ce52b5b81df2cd804b017b7f09aa7,30,29,4.31,3,0,0.1379,2554.2,0.1034,0.0,0.0358,SP,sao paulo
607,bf00385a5f7fc1ef39a13c2e9ee50a5f,29,29,4.31,3,0,0.0,870.3,0.1034,0.0,0.0358,SP,sao paulo
608,31da954dc0855f2495c6310f70a2f931,29,29,4.207,3,0,0.069,4583.0,0.1034,0.0,0.0358,SP,araras
609,4bf2f4ee540798a61f9636d12cd9cc80,29,29,4.138,3,0,0.0,4995.56,0.1034,0.0,0.0358,SP,assis
610,d12c926d74ceff0a90a21184466ce161,78,78,4.346,6,0,0.0,3944.18,0.0769,0.0,0.0357,SP,sao paulo
611,91f848e9f4be368f4318775aac733370,63,61,4.279,5,0,0.0167,5932.6,0.082,0.0,0.0355,SP,sao paulo
612,d57e18d5f73c7ccb7f7339b61166898d,61,61,4.426,5,0,0.0,3187.7,0.082,0.0,0.0355,SP,sao paulo
613,c66dccfb3f109511246da627dd5a2498,45,45,4.489,4,0,0.0465,12708.55,0.0889,0.0,0.0351,SP,registro
614,870d0118f7a9d85960f29ad89d5d989a,45,45,4.044,4,0,0.0444,3157.2,0.0889,0.0,0.0351,MG,pocos de caldas
615,1b938a7ec6ac5061a66a3766e0e75f90,30,30,4.3,3,0,0.0,3987.6,0.1,0.0,0.0346,SP,penapolis
616,3c487ae8f8d7542beff5788e2e0aea83,30,30,4.2,3,0,0.0333,9385.7,0.1,0.0,0.0346,DF,gama
617,381c83fdca332ea6afd896da20bf6e4a,46,46,4.391,4,0,0.0217,7355.8,0.087,0.0,0.0344,PR,curitiba
618,cce6ab8d1682639fe45ab70234f1665f,63,63,4.413,5,1,0.0328,2522.7,0.0794,0.0159,0.0344,SP,curitiba
619,efcd8d2104f1a05d028af7bad20d974b,47,47,4.17,4,0,0.0227,2424.78,0.0851,0.0,0.0336,SP,aracatuba
620,9b00ed88b7fdb95d6ff76e27c1b52d16,47,47,4.468,4,1,0.0652,1627.88,0.0851,0.0213,0.0336,SP,sao paulo
621,78c99c6dff4eeae5be99bf635ed21e3f,31,31,4.419,3,0,0.0645,2030.88,0.0968,0.0,0.0335,SP,marilia
622,33576ec5412fb5905d876f12f33bfde6,31,31,4.097,3,0,0.0323,2718.0,0.0968,0.0,0.0335,PR,curitiba
623,b74d1c09cb380e1d03a6f859c6f4224b,31,31,4.258,3,0,0.1333,2221.6,0.0968,0.0,0.0335,RJ,rio de janeiro
624,42b729f859728f5079499127a9c2ef37,104,103,4.466,7,0,0.08,4118.86,0.068,0.0,0.0333,SP,sao paulo
625,4c498c7345e89aebad651544829beca0,48,48,4.292,4,0,0.1111,4819.76,0.0833,0.0,0.0329,SP,carapicuiba
626,6481e96574816ead57975da2c0f6d80d,32,32,4.188,3,0,0.0345,3324.9,0.0938,0.0,0.0324,SP,sorocaba
627,9baf5cb77970f539089d09a38bcec5c3,32,32,4.312,3,0,0.0,6129.67,0.0938,0.0,0.0324,SP,indaiatuba
628,8bd0f31cf0a614c658f6763bd02dea69,33,32,4.281,3,0,0.0303,4455.34,0.0938,0.0,0.0324,SP,sao paulo
629,01fdefa7697d26ad920e9e0346d4bd1b,129,128,4.352,8,0,0.0551,14921.43,0.0625,0.0,0.032,PR,londrina
630,66922902710d126a0e7d26b0e3805106,151,150,4.473,9,0,0.0733,14362.3,0.06,0.0,0.0319,MG,belo horizonte
631,cb8bcce248bb1fb274ba762d8b971456,68,68,4.25,5,0,0.0154,9402.2,0.0735,0.0,0.0318,MG,santa rita do sapucai
632,dfc5fb7259bb2b599ca565e6e9448f0f,33,33,4.121,3,0,0.0303,6124.63,0.0909,0.0,0.0314,SP,sao bernardo do campo
633,cc5a78bbad32776dc4e3af205218368c,33,33,4.455,3,0,0.0303,4269.18,0.0909,0.0,0.0314,MG,divinopolis
634,0ffa40d54288e4f3499b8780dd0f144f,33,33,4.485,3,0,0.1212,2162.8,0.0909,0.0,0.0314,SP,presidente prudente
635,b90e891671cffd9557f33a97dc523645,34,34,4.324,3,0,0.0,4449.0,0.0882,0.0,0.0304,PR,sao jose dos pinhais
636,5160d23075764e18e07c1f4a87fad743,34,34,4.382,3,1,0.0,2429.0,0.0882,0.0294,0.0304,SP,sao bernardo do campo
637,2b3e4a2a3ea8e01938cabda2a3e5cc79,52,52,4.365,4,0,0.0,23629.15,0.0769,0.0,0.0303,SP,sao paulo
638,e49c26c3edfa46d227d5121a6b6e4d37,35,35,4.457,3,1,0.0,3654.25,0.0857,0.0286,0.0296,PE,brejao
639,bd4889b5e9133b35b66e42a8665cea5c,36,35,4.4,3,0,0.0,6271.9,0.0857,0.0,0.0296,SP,sao paulo
640,42bde9fef835393bb8a8849cb6b7f245,35,35,4.257,3,1,0.0294,7703.0,0.0857,0.0286,0.0296,DF,brasilia
641,11305281b50fff20ae8bb473f8e11876,35,35,4.314,3,0,0.1143,6528.7,0.0857,0.0,0.0296,MG,uba
642,fde0cc9ea29c8ccfc0a2c22256a58c71,35,35,4.486,3,0,0.0294,3922.0,0.0857,0.0,0.0296,PR,curitiba
643,08633c14ef2db992c11f840f04fad4cd,74,74,4.365,5,0,0.0563,7644.3,0.0676,0.0,0.0292,SP,ribeirao pires
644,d9a84e1403de8da0c3aa531d6d108ba6,54,54,4.519,4,0,0.0566,1425.2,0.0741,0.0,0.0292,SP,sao paulo
645,325f3178fb58e2a9778334621eecdbf9,36,36,4.444,3,0,0.0,981.7,0.0833,0.0,0.0287,SP,taboao da serra
646,14d7985702e72162bbf13b6beb74ab2b,37,37,4.324,3,0,0.1081,3887.0,0.0811,0.0,0.028,SP,santo andre
647,718539d38d07dd351c76db862760e2e2,37,37,4.432,3,2,0.0,1318.9,0.0811,0.0541,0.028,SP,campinas
648,c003204e1ab016dfa150abc119207b24,197,196,4.449,10,0,0.0526,25108.09,0.051,0.0,0.0279,SP,cajamar
649,7f7b8245c336066a1f9933c359f11d77,38,38,4.553,3,0,0.027,2094.36,0.0789,0.0,0.0272,SP,mogi mirim
650,05ff92fedb5be47920fea08e501238b9,59,59,4.237,4,0,0.0357,21992.78,0.0678,0.0,0.0267,RS,santo angelo
651,8fdca8e349553f99bc738833a62c8802,22,21,4.19,2,0,0.0455,989.34,0.0952,0.0,0.0265,SP,sao paulo
652,412a4720f3e9431b4afa1476a1acddbe,21,21,4.238,2,0,0.0476,2058.1,0.0952,0.0,0.0265,SP,campinas
653,808d4348b916efa08e766ebad39f61eb,21,21,4.429,2,0,0.0556,731.1,0.0952,0.0,0.0265,SP,sao paulo
654,55d3daac7c404d59e51c2aa2f4dc5a23,21,21,4.095,2,0,0.0,4480.6,0.0952,0.0,0.0265,SP,sao paulo
655,eeb6de78f79159600292e314a77cbd18,83,83,4.446,5,0,0.0375,43739.84,0.0602,0.0,0.026,SC,lages
656,5f1dc28029d2c244352a68107ec2b542,62,61,4.426,4,0,0.0161,2807.3,0.0656,0.0,0.0258,SP,sao paulo
657,20d83f3ef0e6925fd74bfd59170babf7,40,40,4.4,3,0,0.05,2903.6,0.075,0.0,0.0258,SP,sao paulo
658,b1ac6ea7895bc3dd6f0f6f4abbdd2821,40,40,4.35,3,0,0.0,3139.0,0.075,0.0,0.0258,RS,canoas
659,aced59e9b31ef866a94f9e7f29d8d418,61,61,4.426,4,0,0.0328,7268.5,0.0656,0.0,0.0258,SP,sao paulo
660,3f3486b61f45078d4f31ee5e43d8c5bb,40,40,4.325,3,0,0.1026,3829.73,0.075,0.0,0.0258,SP,sao paulo
661,715bbd5ba4e6b74cb0d2f29eb45058b0,62,62,4.468,4,0,0.0847,4043.3,0.0645,0.0,0.0254,SP,serra negra
662,0d33a55da925bbf1ff02af5f6059fc7f,22,22,4.455,2,0,0.0476,547.3,0.0909,0.0,0.0253,SP,sao paulo
663,5670f4db5b62c43d542e1b2d56b0cf7c,22,22,4.409,2,0,0.05,6630.09,0.0909,0.0,0.0253,SP,sao paulo
664,7901646fdd36a55f564ffaf2dbccaaf7,22,22,4.5,2,0,0.0909,11857.08,0.0909,0.0,0.0253,RJ,rio de janeiro
665,730937bf88cb151eb2eb849f642fc213,22,22,4.409,2,0,0.0476,2821.2,0.0909,0.0,0.0253,SP,rio claro
666,e9511df20ccd82658a30c37b7fb343af,22,22,4.318,2,0,0.0,2096.6,0.0909,0.0,0.0253,SP,bauru
667,7b1222c3624aa89b9558b50a2594188c,22,22,4.455,2,0,0.1364,10103.52,0.0909,0.0,0.0253,SP,sao jose do rio preto
668,9596c870880d900012f2e8e6e30d06d7,22,22,4.136,2,0,0.0476,8606.25,0.0909,0.0,0.0253,MG,varginha
669,289cdb325fb7e7f891c38608bf9e0962,110,110,4.573,6,0,0.0192,13544.95,0.0545,0.0,0.0252,SP,belo horizonte
670,e7df4cd29ab5abab70fb0783ddb53987,23,23,4.304,2,0,0.087,9608.7,0.087,0.0,0.0242,SP,sao paulo
671,6426d21aca402a131fc0a5d0960a3c90,23,23,4.174,2,0,0.0,1209.64,0.087,0.0,0.0242,SP,ribeirao preto
672,c68fb906c8f4b4b946d8386bfa6e5467,45,44,4.523,3,0,0.0238,4541.16,0.0682,0.0,0.0235,SP,jaboticabal
673,b8bc237ba3788b23da09c0f1f3a3288c,45,44,4.318,3,0,0.0222,13685.71,0.0682,0.0,0.0235,SC,itajai
674,4da0e408c99d2fdc2126dc9fce518060,44,44,4.409,3,0,0.0,3026.0,0.0682,0.0,0.0235,PR,cornelio procopio
675,acce39e832338debb07b02385cde5967,44,44,4.477,3,0,0.0,4748.1,0.0682,0.0,0.0235,MG,contagem
676,bccf933e006e9b94a6184af782963e77,45,44,4.523,3,0,0.0222,4162.74,0.0682,0.0,0.0235,SP,assis
677,7ecd59e5e20407131822c1a68ac59c1f,24,24,4.417,2,0,0.125,1466.71,0.0833,0.0,0.0231,DF,brasilia
678,8cc6a0e5738e61a87b03c78b2ba9db4b,24,24,4.333,2,0,0.087,13312.4,0.0833,0.0,0.0231,MG,andradas
679,f680f85bee2d253556ac91be391d2c82,45,45,4.333,3,0,0.0227,5183.92,0.0667,0.0,0.0229,SP,carapicuiba
680,6b90f847357d8981edd79a1eb1bf0acb,45,45,4.356,3,0,0.0,3322.08,0.0667,0.0,0.0229,SP,guarulhos
681,080102cd0a76b09e0dcf55fcacc60e05,124,124,4.476,6,0,0.0424,5716.78,0.0484,0.0,0.0224,MG,belo horizonte
682,15aac934c58d886785ac1b17953ea898,25,25,4.24,2,0,0.12,4353.9,0.08,0.0,0.0222,ES,muqui
683,b2a6d334e2833acea353624840e25a0e,25,25,4.48,2,0,0.0,1650.98,0.08,0.0,0.0222,SP,sao paulo
684,e48b04bf1aa1ef711caebeb7aede6180,25,25,4.48,2,0,0.0,3187.1,0.08,0.0,0.0222,PR,curitiba
685,9d4db00d65d7760644ac0c14edb5fd86,98,97,4.515,5,0,0.0444,9979.7,0.0515,0.0,0.0222,SP,sorocaba
686,5debea795b07621e1f90532e18f96145,25,25,4.36,2,0,0.0,1883.78,0.08,0.0,0.0222,PR,apucarana
687,916748bc99315c2d202898ae58b1617e,25,25,4.28,2,0,0.0,369.4,0.08,0.0,0.0222,SP,sorocaba
688,c8417879a15366a17c30af34c798c332,26,25,4.28,2,0,0.04,1767.9,0.08,0.0,0.0222,SP,sao paulo
689,282f23a9769b2690c5dda22e316f9941,99,99,4.333,5,0,0.0417,6505.08,0.0505,0.0,0.0218,MG,belo horizonte
690,9de4643a8dbde634fe55621059d92273,72,72,4.528,4,0,0.0278,17560.34,0.0556,0.0,0.0218,SC,joinville
691,06df0c10d34e459d9672bc77388742eb,26,26,4.346,2,0,0.0385,9070.0,0.0769,0.0,0.0213,PR,maringa
692,77a515caa36327151d1cc6c32a9f00e1,26,26,4.423,2,0,0.125,2217.39,0.0769,0.0,0.0213,SP,diadema
693,f7496d659ca9fdaf323c0aae84176632,26,26,4.577,2,0,0.0417,5087.57,0.0769,0.0,0.0213,SP,sao paulo
694,4bfc7a4a1cf8d4d2121c27422d9e50b5,26,26,4.538,2,0,0.04,8124.4,0.0769,0.0,0.0213,SP,sao paulo
695,729b2d09b2a0bdab221076327f13d050,49,49,4.49,3,0,0.0417,1822.11,0.0612,0.0,0.021,SP,mineiros do tiete
696,994f04b3718c2bab35c2adfa8afecd2a,49,49,4.245,3,2,0.0638,3445.7,0.0612,0.0408,0.021,SP,jaguariuna
697,12b9676b00f60f3b700e83af21824c0e,135,134,4.537,6,1,0.0075,26774.0,0.0448,0.0074,0.0207,RS,montenegro
698,f41ce2e25237f9092cd8e6e7516c7a2f,27,27,4.296,2,0,0.0,2030.9,0.0741,0.0,0.0206,SP,guarulhos
699,5f5b43b2bffa8656e4bc6efeb13cc649,27,27,4.407,2,0,0.037,3677.2,0.0741,0.0,0.0206,SP,sao paulo
700,1f1bb1f0859883505541bdd6606193e5,27,27,4.333,2,0,0.1111,16040.84,0.0741,0.0,0.0206,SP,sao paulo
701,d921b68bf747894be13a97ae52b0f386,77,77,4.558,4,0,0.0137,15645.8,0.0519,0.0,0.0204,MG,formiga
702,d4e12e7884759a14fa0f5f896c791cae,29,29,4.621,2,0,0.0357,1400.0,0.069,0.0,0.0191,SP,sao paulo
703,2dee2ce60de9709b1a24083217181a1f,54,54,4.426,3,0,0.0185,7784.5,0.0556,0.0,0.0191,MT,sinop
704,a5cba26a62b8b4d0145b68b841e62e7f,54,54,4.519,3,0,0.0192,14737.84,0.0556,0.0,0.0191,PR,campo mourao
705,3361277dc30b7cccdb0c286b24219756,29,29,4.345,2,0,0.069,3905.05,0.069,0.0,0.0191,PR,maringa
706,b2ac621f0d0322434d04a12b078b9369,30,30,4.4,2,0,0.1,9575.5,0.0667,0.0,0.0185,PR,curitiba
707,c8b3445d737de6befde0c88ede534a5e,30,30,4.433,2,0,0.0333,3149.04,0.0667,0.0,0.0185,SP,sao paulo
708,e38db885400cd35c71dfd162f2c1dbcf,30,30,4.467,2,0,0.1,2066.8,0.0667,0.0,0.0185,DF,brasilia
709,8a130737016f838139d31878787a39c9,56,56,4.446,3,0,0.0741,4222.03,0.0536,0.0,0.0184,SP,sao paulo
710,e882b2a25a10b9c057cc49695f222c19,57,57,4.579,3,0,0.0,51057.54,0.0526,0.0,0.018,RJ,teresopolis
711,7b0df942f46435babab05d49b744b2c4,32,31,4.387,2,0,0.0938,22600.63,0.0645,0.0,0.0179,SP,braganca paulista
712,0ebd97a106433a45a4aebe57c1799778,31,31,4.484,2,0,0.0,3046.8,0.0645,0.0,0.0179,MG,contagem
713,f67efa3f0b6761102a7f8c6b7b571f5d,31,31,4.484,2,0,0.0,5188.68,0.0645,0.0,0.0179,PR,curitiba
714,e8b4225284fbb02d16f200513f1f395d,31,31,4.194,2,0,0.1034,5788.52,0.0645,0.0,0.0179,SP,novo horizonte
715,cd6efc47efaabf134f8bdb654e10b4f1,31,31,4.484,2,0,0.069,4158.55,0.0645,0.0,0.0179,RJ,rio de janeiro
716,c864036feaab8c1659f65ea4faebe1da,58,58,4.569,3,0,0.0345,10454.2,0.0517,0.0,0.0177,PR,campo largo
717,3340ef1913fb70d28420f6ceb685c339,32,32,4.375,2,0,0.0312,6731.15,0.0625,0.0,0.0173,PR,maringa
718,f62d7bb4a613ec758a03342d46b580b2,32,32,4.375,2,0,0.0938,24665.0,0.0625,0.0,0.0173,MG,vicosa
719,fad44952713764836814be105382aee5,32,32,4.281,2,0,0.0,5129.0,0.0625,0.0,0.0173,RJ,rio de janeiro
720,1caf283236cd69af44cbc09a0a1e7d32,33,33,4.606,2,0,0.0909,917.6,0.0606,0.0,0.0168,RJ,nova iguacu
721,57e632711dec9ec14ca7546769483e7e,62,62,4.419,3,0,0.0,6350.06,0.0484,0.0,0.0166,SC,navegantes
722,5b925e1d006e9476d738aa200751b73b,63,63,4.603,3,0,0.0645,7748.5,0.0476,0.0,0.0163,SP,sao paulo
723,6338ea67c41078a46ad99cc009654956,37,35,4.6,2,0,0.0,2286.09,0.0571,0.0,0.0158,RS,farroupilha
724,643214e62b870443ccbe55ab29a4dccf,66,66,4.409,3,0,0.1094,3270.13,0.0455,0.0,0.0156,SP,sao paulo
725,834f3294fba9f932f56edc879193f925,66,66,4.545,3,0,0.0606,39907.5,0.0455,0.0,0.0156,SP,araraquara
726,ac3508719a1d8f5b7614b798f70af136,103,101,4.604,4,0,0.0198,12775.84,0.0396,0.0,0.0155,RS,canoas
727,f181738b150df1f37cb0bd72e705b193,36,36,4.472,2,0,0.0833,5529.7,0.0556,0.0,0.0154,SP,carapicuiba
728,32b8764b4ef628b53608fc34011fcc13,36,36,4.194,2,0,0.0312,8884.0,0.0556,0.0,0.0154,SC,lages
729,3586b8580d9c917874e053a1bb37b5ff,36,36,4.417,2,0,0.0278,1524.7,0.0556,0.0,0.0154,SP,araraquara
730,ba90964cff9b9e0e6f32b23b82465f7b,38,38,4.421,2,0,0.0526,44212.5,0.0526,0.0,0.0145,SP,guarulhos
731,113e3a788b935f48aad63e1c41dac1bd,39,38,4.316,2,0,0.0526,847.35,0.0526,0.0,0.0145,SP,aparecida
732,6cd68b3ed6d59aaa9fece558ad360c0a,149,149,4.456,5,0,0.0134,11188.57,0.0336,0.0,0.0144,MG,belo horizonte
733,d23019c84ffae2d5ef2270367b8605fc,39,39,4.41,2,0,0.0256,29205.1,0.0513,0.0,0.0142,PR,londrina
734,5a93f3ab0ef4c84ed5e1b5dbf23978bc,39,39,4.692,2,0,0.0263,2338.25,0.0513,0.0,0.0142,SP,monteiro lobato
735,34d1ca11b242c0fee2c834ae8d788566,40,39,4.333,2,0,0.0,13422.24,0.0513,0.0,0.0142,MG,congonhas
736,55a5b51f93f2b70ea513f5a047b0262a,39,39,4.462,2,0,0.0256,4002.3,0.0513,0.0,0.0142,MG,sao joao del rei
737,d1b65fc7debc3361ea86b5f14c68d2e2,40,40,4.55,2,1,0.0256,11703.07,0.05,0.025,0.0138,SP,mogi guacu
738,516e7738bd8f735ac19a010ee5450d8d,76,76,4.566,3,0,0.029,6643.09,0.0395,0.0,0.0135,RJ,rio de janeiro
739,0ed6ce5d87fd9c69eaacaeb778d67235,43,42,4.405,2,0,0.1429,2141.42,0.0476,0.0,0.0131,SP,americana
740,744dac408745240a2c2528fb1b6028f3,79,79,4.57,3,0,0.013,22490.6,0.038,0.0,0.013,PR,colombo
741,1bb2bdb95f4841f1bba2c0d2cd83d3c9,81,80,4.638,3,0,0.0633,5002.71,0.0375,0.0,0.0128,SP,sao paulo
742,02f623a8eb246f3c5f7c2f96462654e6,44,43,4.558,2,0,0.0714,6378.0,0.0465,0.0,0.0128,SP,botucatu
743,b410bdd36d5db7a65dcd42b7ead933b8,44,44,4.659,2,0,0.0,7726.9,0.0455,0.0,0.0126,GO,goiania
744,abcd2cb37d46c2c8fb1bf071c859fc5b,45,45,4.244,2,0,0.0465,4880.22,0.0444,0.0,0.0123,MT,cuiaba
745,2ff97219cb8622eaf3cd89b7d9c09824,89,89,4.528,3,1,0.0375,4476.9,0.0337,0.0112,0.0115,SP,salto
746,3504c0cb71d7fa48d967e0e4c94d59d9,53,53,4.415,2,0,0.0,2349.94,0.0377,0.0,0.0104,SP,maua
747,d9bd94811c3338dceb4181f3dbc0c73e,54,54,4.796,2,0,0.06,6911.02,0.037,0.0,0.0102,SP,sao paulo
748,116ccb1a1604bc88e4d234a8c23f33de,61,61,4.639,2,0,0.0339,2004.89,0.0328,0.0,0.009,SP,sao bernardo do campo
749,8ab42aa58097fd4668d60cc648225d5f,20,20,4.2,1,0,0.0,2616.75,0.05,0.0,0.0089,GO,goiania
750,b494891378bd8f4560abe576c52deacd,20,20,4.65,1,0,0.0,2958.9,0.05,0.0,0.0089,SP,sao paulo
751,cfe94489ddd337d1e29e12f2a7205d10,20,20,4.3,1,0,0.05,2376.0,0.05,0.0,0.0089,SP,sao paulo
752,1fe5540d7c1c37a595fefbacd5570d9e,20,20,4.3,1,0,0.05,4537.6,0.05,0.0,0.0089,RJ,paraiba do sul
753,d566c37fa119d5e66c4e9052e83ee4ea,65,64,4.688,2,0,0.0,5145.7,0.0312,0.0,0.0086,SP,sao paulo
754,c72de06d72748d1a0dfb2125be43ba63,21,21,4.476,1,0,0.0,17522.0,0.0476,0.0,0.0084,BA,guanambi
755,a5a1bfcf728ab0e19182959cf0771ee4,21,21,4.333,1,0,0.0476,1812.96,0.0476,0.0,0.0084,SP,socorro
756,b347677812ea483b0f528eaf8cbc09b7,21,21,4.524,1,0,0.0,7288.99,0.0476,0.0,0.0084,PR,curitiba
757,02ecc2a19303f05e59ce133fd923fff7,21,21,4.619,1,0,0.0,5264.19,0.0476,0.0,0.0084,SP,santo andre
758,679769a98cfcc6da877c8486ff1c13f3,21,21,4.571,1,0,0.0,7029.0,0.0476,0.0,0.0084,MG,ipatinga
759,f9244d45189d3a3605499abddeade7d5,21,21,4.286,1,0,0.0,15731.43,0.0476,0.0,0.0084,SP,sao paulo
760,d13e50eaa47b4cbe9eb81465865d8cfc,67,67,4.821,2,0,0.0938,7155.05,0.0299,0.0,0.0082,SP,santo andre
761,503c1de08ae81a2d86f17951b204db55,22,22,4.409,1,0,0.0455,4906.99,0.0455,0.0,0.0081,SP,sao paulo
762,42ef3192a9ff87a22d1867b74b3ee205,23,23,4.652,1,0,0.0,1354.09,0.0435,0.0,0.0077,SP,santo andre
763,916c9de0b5ad957346eeeb12f332687e,23,23,4.565,1,1,0.0,5480.25,0.0435,0.0435,0.0077,PR,curitiba
764,013900e863eace745d3ec7614cab5b1a,23,23,4.696,1,0,0.0,1619.7,0.0435,0.0,0.0077,PR,curitiba
765,7e26c750b4cb9f6766f58265ff9ebe95,23,23,4.435,1,0,0.0,1344.3,0.0435,0.0,0.0077,MG,belo horizonte
766,10076e5788b8ee532724bcd460baf762,23,23,4.565,1,0,0.0455,821.48,0.0435,0.0,0.0077,SP,batatais
767,a3f0b55de503387383c7b1de3ad7f678,24,24,4.417,1,0,0.0417,4348.4,0.0417,0.0,0.0074,PR,curitiba
768,ed4311e67debd72b8610a5347a743087,25,24,4.625,1,0,0.0417,3636.0,0.0417,0.0,0.0074,SP,guarulhos
769,1dc2de47ee26a0a5b12dc14fd6dc0dea,25,25,4.56,1,0,0.0417,1670.3,0.04,0.0,0.0071,SP,ibitinga
770,95ec4458365c4d11f452ccf538377619,27,26,4.615,1,0,0.0385,1866.76,0.0385,0.0,0.0068,SP,limeira
771,cac876b37d3abcd6bd76caca30277996,27,26,4.462,1,0,0.0,2229.77,0.0385,0.0,0.0068,PR,cascavel
772,ffc470761de7d0232558ba5e786e57b7,28,27,4.444,1,0,0.037,1649.01,0.037,0.0,0.0066,SP,guarulhos
773,671585f5a2af58b6e276bc01003c0d2b,27,27,4.704,1,0,0.0,1244.0,0.037,0.0,0.0066,PR,curitiba
774,cc3d14116804f7209f3884f6367f1152,27,27,4.63,1,0,0.0,5477.8,0.037,0.0,0.0066,PR,curitiba
775,dbd66278cbfe1aa1000f90a217ca4695,85,85,4.506,2,0,0.0361,4928.9,0.0235,0.0,0.0065,SP,sao paulo
776,725c32fa80c2faacc4fc88450d27314e,89,87,4.517,2,0,0.0115,7838.88,0.023,0.0,0.0063,SP,sao paulo
777,6061155addc1e54b4cfb51c1c2a32ad8,28,28,4.643,1,0,0.0357,15633.4,0.0357,0.0,0.0063,SP,campinas
778,6e386f64c84e482f0b9abf960797ee1b,30,28,4.607,1,0,0.0714,12938.3,0.0357,0.0,0.0063,SP,sao paulo
779,d1ef48b38baca7e831711c4a0aeb398f,29,29,4.448,1,0,0.0714,1469.12,0.0345,0.0,0.0061,PR,apucarana
780,02f5837340d7eb4f653d676c7256523a,30,30,4.833,1,0,0.0333,3883.05,0.0333,0.0,0.0059,PR,curitiba
781,a3dd39f583bc80bd8c5901c95878921e,34,34,4.588,1,0,0.0303,4607.81,0.0294,0.0,0.0052,BA,salvador
782,bf3c6d2a28b2b5501e6c15448982dcc9,35,35,4.6,1,0,0.0286,3956.5,0.0286,0.0,0.0051,SP,sao paulo
783,31561f325664a8a7aba4c8d0c3a9b3db,36,36,4.639,1,0,0.0,2702.19,0.0278,0.0,0.0049,SP,sao paulo
784,594f9aaa48e5bf431f011ddc5669b0d5,37,37,4.595,1,0,0.0278,3248.8,0.027,0.0,0.0048,MG,contagem
785,6df688df543f90e9b38f4319e75a9d88,40,40,4.575,1,0,0.0,1949.96,0.025,0.0,0.0044,MG,belo horizonte
786,43f8c9950d11ecd03a0304a49e010da6,41,41,4.561,1,0,0.0488,4249.59,0.0244,0.0,0.0043,SP,carapicuiba
787,23c38debaffe4a25a30fdbd9b586a13f,41,41,4.317,1,0,0.122,5382.18,0.0244,0.0,0.0043,SP,votorantim
788,5f3ae9136c875522250f8184f253413a,43,42,4.643,1,0,0.0476,1158.0,0.0238,0.0,0.0042,SP,sao paulo
789,33a17d60c64393351ebf1ef860f4e0f2,43,43,4.628,1,0,0.0238,8152.48,0.0233,0.0,0.0041,RS,porto alegre
790,83e197e95a1bbabc8c75e883ed016c47,47,47,4.809,1,0,0.0217,6693.69,0.0213,0.0,0.0038,RJ,mage
791,376a891762bbdecbc02b4b6adec3fdda,57,57,4.667,1,0,0.0351,6406.23,0.0175,0.0,0.0031,GO,goiania
792,709e16e2b25c7474d980076c6bfc4806,60,60,4.517,1,0,0.0351,5151.9,0.0167,0.0,0.003,SP,birigui
793,080199a181c46c657dc5aa235411be3b,79,78,4.615,1,0,0.013,14504.2,0.0128,0.0,0.0023,SP,osasco
794,0509040ea3fe50071181bbc359eb7738,89,87,4.483,1,0,0.046,3737.95,0.0115,0.0,0.002,MG,belo horizonte
795,f4db9b37944bcb8873e6b456ee190bbf,21,21,4.571,0,0,0.1,3409.78,0.0,0.0,0.0,SP,itaquaquecetuba
796,960945e1a9535cbc0cd6ddd35fbe7ae8,28,28,4.643,0,0,0.0,3381.73,0.0,0.0,0.0,SP,sao paulo
797,5bffbafbb22daf6d3bfc216a46db8708,21,21,4.762,0,0,0.0,5239.7,0.0,0.0,0.0,RJ,nilopolis
798,7ade73f1b9b4e965f9009a4c3a7e2c15,27,26,4.769,0,0,0.0,1880.3,0.0,0.0,0.0,SP,bauru
799,d8c7ba53e7e38711eaef8c2849d6d2e1,22,22,4.5,0,0,0.0,1190.87,0.0,0.0,0.0,PR,floresta
800,1771297ac436903d1dd6b0e9279aa505,28,27,4.63,0,0,0.037,2881.27,0.0,0.0,0.0,SP,guarulhos
801,1c40343cc5d18c2d8248ac2f3366de34,21,21,4.619,0,0,0.0952,2461.41,0.0,0.0,0.0,SP,limeira
802,6b15924333bd1a741595fe981ea04822,21,21,4.667,0,0,0.0,614.32,0.0,0.0,0.0,SP,sao caetano do sul
803,f0837c8d71434931d9e38e7b79234797,22,22,4.591,0,0,0.05,3446.9,0.0,0.0,0.0,RS,arvorezinha
804,0bb738e4d789e63e2267697c42d35a2d,30,30,4.6,0,0,0.0357,2388.3,0.0,0.0,-0.0,SP,sao roque
805,42fa4ee7240e9b8eb4576358ec142ba7,22,21,4.81,0,0,0.0,3845.7,0.0,0.0,0.0,RS,caxias do sul
806,79ed755314cfe6df0daef2c6cd3022cd,23,22,4.727,0,0,0.0,3907.5,0.0,0.0,0.0,SP,rio claro
807,d624126b9206f595fb3fbb6ba03b28a8,23,22,4.318,0,0,0.0476,7198.8,0.0,0.0,0.0,PR,curitiba
808,3785b653b1b82de85ab47dd139938091,21,21,4.714,0,0,0.0,1552.0,0.0,0.0,0.0,PR,ampere
809,48efc9d94a9834137efd9ea76b065a38,33,33,5.0,0,0,0.0,345.6,0.0,0.0,0.0,PR,curitiba
810,18e694e0e48ed6f7aa3f24aade5fd697,31,31,4.677,0,0,0.0323,701.54,0.0,0.0,-0.0,SP,varzea paulista
811,41c2bad7229b0c25e6becf179ebf63ff,20,20,4.95,0,0,0.0,782.0,0.0,0.0,-0.0,RN,natal
